,Username,Date,Likes,Content,retweets,replies,id,url,place,hashtags,media,keyword,Tweet,coords
0,Darling_cherry_,2022-08-20 09:47:10+00:00,2.0,,0.0,0.0,1.5609264066655724e+18,https://twitter.com/Darling_cherry_/status/1560926406665572352,Santhanuthalapadu,"['JanaSenaRythuBharosaYatra', 'JanaVaaniJanaSenaBharosa', 'JanaSenaniBdayFiesta']",,JanaVaaniJanaSenaBharosa,"Everything is on track.. üòé 

For now, Just Focus on 
20th - #JanaSenaRythuBharosaYatra 
21st - #JanaVaaniJanaSenaBharosa 
22nd - JanaSena PAC Meeting at Mangalagiri 

23rd Onwards .. 
#JanaSenaniBdayFiesta 
Jathara shuruüí•","15.5400343,79.943918"
1,Darling_cherry_,2022-08-20 09:47:10+00:00,2.0,,0.0,0.0,1.5609264066655724e+18,https://twitter.com/Darling_cherry_/status/1560926406665572352,Ongole,"['JanaSenaRythuBharosaYatra', 'JanaVaaniJanaSenaBharosa', 'JanaSenaniBdayFiesta']",,JanaVaaniJanaSenaBharosa,"Everything is on track.. üòé 

For now, Just Focus on 
20th - #JanaSenaRythuBharosaYatra 
21st - #JanaVaaniJanaSenaBharosa 
22nd - JanaSena PAC Meeting at Mangalagiri 

23rd Onwards .. 
#JanaSenaniBdayFiesta 
Jathara shuruüí•","15.5075545,80.06080047"
2,Darling_cherry_,2022-08-20 09:47:10+00:00,2.0,,0.0,0.0,1.5609264066655724e+18,https://twitter.com/Darling_cherry_/status/1560926406665572352,Kondapi,"['JanaSenaRythuBharosaYatra', 'JanaVaaniJanaSenaBharosa', 'JanaSenaniBdayFiesta']",,JanaVaaniJanaSenaBharosa,"Everything is on track.. üòé 

For now, Just Focus on 
20th - #JanaSenaRythuBharosaYatra 
21st - #JanaVaaniJanaSenaBharosa 
22nd - JanaSena PAC Meeting at Mangalagiri 

23rd Onwards .. 
#JanaSenaniBdayFiesta 
Jathara shuruüí•","15.4157814,79.83172551"
3,Kalim_PawanisT,2022-08-20 03:37:11+00:00,10.0,,6.0,0.0,1.560833298158723e+18,https://twitter.com/Kalim_PawanisT/status/1560833298158723072,Markapuram,"['JanaSenaRythuBharosaYatra', 'JanaVaaniJanaSenaBharosa', 'JanaSena']","[Video(thumbnailUrl='https://pbs.twimg.com/ext_tw_video_thumb/1560832851687657474/pu/img/L02-G9MfNTSwomTM.jpg', variants=[VideoVariant(contentType='video/mp4', url='https://video.twimg.com/ext_tw_video/1560832851687657474/pu/vid/640x360/Q1fqqI3rZAiu-FA-.mp4?tag=12', bitrate=832000), VideoVariant(contentType='video/mp4', url='https://video.twimg.com/ext_tw_video/1560832851687657474/pu/vid/480x270/RLrFzVo6mG2dQWBw.mp4?tag=12', bitrate=256000), VideoVariant(contentType='video/mp4', url='https://video.twimg.com/ext_tw_video/1560832851687657474/pu/vid/1280x720/XR0QL3oXS9E_Oe7K.mp4?tag=12', bitrate=2176000), VideoVariant(contentType='application/x-mpegURL', url='https://video.twimg.com/ext_tw_video/1560832851687657474/pu/pl/Ky5gmmpENmTvsDCq.m3u8?tag=12&container=fmp4', bitrate=None)], duration=32.598, views=86)]",JanaVaaniJanaSenaBharosa,"‡∞ï‡∞°‡∞™‡∞ï‡±Å ‡∞µ‡∞∏‡±ç‡∞§‡±Å‡∞®‡±ç‡∞®‡∞æ‡∞Ç @ysjagan Reddy !
#JanaSenaRythuBharosaYatra 
#JanaVaaniJanaSenaBharosa 

@PawanKalyan #JanaSena https://t.co/FksZQUgx4h","15.7469839,77.9361285"
4,BhimavaramSiva,2022-08-20 07:20:51+00:00,0.0,,0.0,0.0,1.5608895824003523e+18,https://twitter.com/BhimavaramSiva/status/1560889582400352256,Kovur,['JanaVaaniJanaSenaBharosa'],"[Video(thumbnailUrl='https://pbs.twimg.com/ext_tw_video_thumb/1560889470353752064/pu/img/gL0eIJjQqv5j3QO5.jpg', variants=[VideoVariant(contentType='video/mp4', url='https://video.twimg.com/ext_tw_video/1560889470353752064/pu/vid/480x270/ahVrjEphydkb2PlY.mp4?tag=12', bitrate=256000), VideoVariant(contentType='application/x-mpegURL', url='https://video.twimg.com/ext_tw_video/1560889470353752064/pu/pl/SdXj4CK_MLGKziuj.m3u8?tag=12&container=fmp4', bitrate=None)], duration=44.998, views=6)]",JanaVaaniJanaSenaBharosa,"(‡∞Ü‡∞ó‡∞∏‡±ç‡∞ü‡±Å 21‡∞µ ‡∞§‡±á‡∞¶‡±Ä), ‡∞Ü‡∞¶‡∞ø‡∞µ‡∞æ‡∞∞‡∞Ç, ‡∞â‡∞¶‡∞Ø‡∞Ç 10 ‡∞®‡±Å‡∞Ç‡∞°‡∞ø ‡∞Æ‡∞ß‡±ç‡∞Ø‡∞æ‡∞π‡±ç‡∞®‡∞Ç 3 ‡∞µ‡∞∞‡∞ï‡±Å ‡∞∏‡∞æ‡∞Æ‡∞æ‡∞®‡±ç‡∞Ø‡±Å‡∞°‡∞ø ‡∞ó‡∞≥‡∞Ç ‡∞µ‡∞ø‡∞®‡∞ø‡∞™‡∞ø‡∞Ç‡∞ö‡±á‡∞≤‡∞æ ""‡∞ú‡∞®‡∞µ‡∞æ‡∞£‡∞ø - ‡∞ú‡∞®‡∞∏‡±á‡∞® ‡∞≠‡∞∞‡±ã‡∞∏‡∞æ"" ‡∞ï‡∞æ‡∞∞‡±ç‡∞Ø‡∞ï‡±ç‡∞∞‡∞Æ‡∞Ç ‡∞µ‡±á‡∞¶‡∞ø‡∞ï  : GRR ‡∞ï‡∞®‡±ç‡∞µ‡±Ü‡∞®‡±ç‡∞∑‡∞®‡±ç ‡∞π‡∞æ‡∞≤‡±ç,
‡∞§‡∞ø‡∞∞‡±Å‡∞™‡∞§‡∞ø - ‡∞¨‡±Ü‡∞Ç‡∞ó‡∞≥‡±Ç‡∞∞‡±Å ‡∞π‡±à‡∞µ‡±á, Opp. ‡∞¨‡∞æ‡∞≤‡∞æ‡∞ú‡±Ä ‡∞°‡±à‡∞∞‡±Ä

#JanaVaaniJanaSenaBharosa
@PawanKalyan @JanaSenaParty https://t.co/0txLorWa1h","14.5196139,79.98609721"
5,DadiKumar,2022-08-20 03:20:51+00:00,64.0,,17.0,0.0,1.560829187887231e+18,https://twitter.com/DadiKumar/status/1560829187887230977,Kovur,['JanaVaaniJanaSenaBharosa'],"[Photo(previewUrl='https://pbs.twimg.com/media/Fakt1pIVUAEQpik?format=jpg&name=small', fullUrl='https://pbs.twimg.com/media/Fakt1pIVUAEQpik?format=jpg&name=large')]",JanaVaaniJanaSenaBharosa,"‡∞ú‡∞®‡∞µ‡∞æ‡∞£‡∞ø ‡∞ú‡∞®‡∞∏‡±á‡∞® ‡∞≠‡∞∞‡±ã‡∞∏‡∞æ 4‡∞µ ‡∞µ‡∞ø‡∞°‡∞§.

‡∞∏‡±ç‡∞•‡∞≤‡∞Ç : GRR ‡∞ï‡∞®‡±ç‡∞µ‡±Ü‡∞®‡±ç‡∞∑‡∞®‡±ç ‡∞π‡∞æ‡∞≤‡±ç, ‡∞§‡∞ø‡∞∞‡±Å‡∞™‡∞§‡∞ø.

@JanaSenaParty chief Sri 
@PawanKalyan garu 
@mnadendla garu

#JanaVaaniJanaSenaBharosa https://t.co/odUY7FPMap","14.5196139,79.98609721"
6,BhimavaramSiva,2022-08-20 07:20:51+00:00,0.0,,0.0,0.0,1.5608895824003523e+18,https://twitter.com/BhimavaramSiva/status/1560889582400352256,Nellore City,['JanaVaaniJanaSenaBharosa'],"[Video(thumbnailUrl='https://pbs.twimg.com/ext_tw_video_thumb/1560889470353752064/pu/img/gL0eIJjQqv5j3QO5.jpg', variants=[VideoVariant(contentType='video/mp4', url='https://video.twimg.com/ext_tw_video/1560889470353752064/pu/vid/480x270/ahVrjEphydkb2PlY.mp4?tag=12', bitrate=256000), VideoVariant(contentType='application/x-mpegURL', url='https://video.twimg.com/ext_tw_video/1560889470353752064/pu/pl/SdXj4CK_MLGKziuj.m3u8?tag=12&container=fmp4', bitrate=None)], duration=44.998, views=6)]",JanaVaaniJanaSenaBharosa,"(‡∞Ü‡∞ó‡∞∏‡±ç‡∞ü‡±Å 21‡∞µ ‡∞§‡±á‡∞¶‡±Ä), ‡∞Ü‡∞¶‡∞ø‡∞µ‡∞æ‡∞∞‡∞Ç, ‡∞â‡∞¶‡∞Ø‡∞Ç 10 ‡∞®‡±Å‡∞Ç‡∞°‡∞ø ‡∞Æ‡∞ß‡±ç‡∞Ø‡∞æ‡∞π‡±ç‡∞®‡∞Ç 3 ‡∞µ‡∞∞‡∞ï‡±Å ‡∞∏‡∞æ‡∞Æ‡∞æ‡∞®‡±ç‡∞Ø‡±Å‡∞°‡∞ø ‡∞ó‡∞≥‡∞Ç ‡∞µ‡∞ø‡∞®‡∞ø‡∞™‡∞ø‡∞Ç‡∞ö‡±á‡∞≤‡∞æ ""‡∞ú‡∞®‡∞µ‡∞æ‡∞£‡∞ø - ‡∞ú‡∞®‡∞∏‡±á‡∞® ‡∞≠‡∞∞‡±ã‡∞∏‡∞æ"" ‡∞ï‡∞æ‡∞∞‡±ç‡∞Ø‡∞ï‡±ç‡∞∞‡∞Æ‡∞Ç ‡∞µ‡±á‡∞¶‡∞ø‡∞ï  : GRR ‡∞ï‡∞®‡±ç‡∞µ‡±Ü‡∞®‡±ç‡∞∑‡∞®‡±ç ‡∞π‡∞æ‡∞≤‡±ç,
‡∞§‡∞ø‡∞∞‡±Å‡∞™‡∞§‡∞ø - ‡∞¨‡±Ü‡∞Ç‡∞ó‡∞≥‡±Ç‡∞∞‡±Å ‡∞π‡±à‡∞µ‡±á, Opp. ‡∞¨‡∞æ‡∞≤‡∞æ‡∞ú‡±Ä ‡∞°‡±à‡∞∞‡±Ä

#JanaVaaniJanaSenaBharosa
@PawanKalyan @JanaSenaParty https://t.co/0txLorWa1h","14.4493717,79.9873763"
7,DadiKumar,2022-08-20 03:20:51+00:00,64.0,,17.0,0.0,1.560829187887231e+18,https://twitter.com/DadiKumar/status/1560829187887230977,Nellore City,['JanaVaaniJanaSenaBharosa'],"[Photo(previewUrl='https://pbs.twimg.com/media/Fakt1pIVUAEQpik?format=jpg&name=small', fullUrl='https://pbs.twimg.com/media/Fakt1pIVUAEQpik?format=jpg&name=large')]",JanaVaaniJanaSenaBharosa,"‡∞ú‡∞®‡∞µ‡∞æ‡∞£‡∞ø ‡∞ú‡∞®‡∞∏‡±á‡∞® ‡∞≠‡∞∞‡±ã‡∞∏‡∞æ 4‡∞µ ‡∞µ‡∞ø‡∞°‡∞§.

‡∞∏‡±ç‡∞•‡∞≤‡∞Ç : GRR ‡∞ï‡∞®‡±ç‡∞µ‡±Ü‡∞®‡±ç‡∞∑‡∞®‡±ç ‡∞π‡∞æ‡∞≤‡±ç, ‡∞§‡∞ø‡∞∞‡±Å‡∞™‡∞§‡∞ø.

@JanaSenaParty chief Sri 
@PawanKalyan garu 
@mnadendla garu

#JanaVaaniJanaSenaBharosa https://t.co/odUY7FPMap","14.4493717,79.9873763"
8,BhimavaramSiva,2022-08-20 07:20:51+00:00,0.0,,0.0,0.0,1.5608895824003523e+18,https://twitter.com/BhimavaramSiva/status/1560889582400352256,Nellore Rural,['JanaVaaniJanaSenaBharosa'],"[Video(thumbnailUrl='https://pbs.twimg.com/ext_tw_video_thumb/1560889470353752064/pu/img/gL0eIJjQqv5j3QO5.jpg', variants=[VideoVariant(contentType='video/mp4', url='https://video.twimg.com/ext_tw_video/1560889470353752064/pu/vid/480x270/ahVrjEphydkb2PlY.mp4?tag=12', bitrate=256000), VideoVariant(contentType='application/x-mpegURL', url='https://video.twimg.com/ext_tw_video/1560889470353752064/pu/pl/SdXj4CK_MLGKziuj.m3u8?tag=12&container=fmp4', bitrate=None)], duration=44.998, views=6)]",JanaVaaniJanaSenaBharosa,"(‡∞Ü‡∞ó‡∞∏‡±ç‡∞ü‡±Å 21‡∞µ ‡∞§‡±á‡∞¶‡±Ä), ‡∞Ü‡∞¶‡∞ø‡∞µ‡∞æ‡∞∞‡∞Ç, ‡∞â‡∞¶‡∞Ø‡∞Ç 10 ‡∞®‡±Å‡∞Ç‡∞°‡∞ø ‡∞Æ‡∞ß‡±ç‡∞Ø‡∞æ‡∞π‡±ç‡∞®‡∞Ç 3 ‡∞µ‡∞∞‡∞ï‡±Å ‡∞∏‡∞æ‡∞Æ‡∞æ‡∞®‡±ç‡∞Ø‡±Å‡∞°‡∞ø ‡∞ó‡∞≥‡∞Ç ‡∞µ‡∞ø‡∞®‡∞ø‡∞™‡∞ø‡∞Ç‡∞ö‡±á‡∞≤‡∞æ ""‡∞ú‡∞®‡∞µ‡∞æ‡∞£‡∞ø - ‡∞ú‡∞®‡∞∏‡±á‡∞® ‡∞≠‡∞∞‡±ã‡∞∏‡∞æ"" ‡∞ï‡∞æ‡∞∞‡±ç‡∞Ø‡∞ï‡±ç‡∞∞‡∞Æ‡∞Ç ‡∞µ‡±á‡∞¶‡∞ø‡∞ï  : GRR ‡∞ï‡∞®‡±ç‡∞µ‡±Ü‡∞®‡±ç‡∞∑‡∞®‡±ç ‡∞π‡∞æ‡∞≤‡±ç,
‡∞§‡∞ø‡∞∞‡±Å‡∞™‡∞§‡∞ø - ‡∞¨‡±Ü‡∞Ç‡∞ó‡∞≥‡±Ç‡∞∞‡±Å ‡∞π‡±à‡∞µ‡±á, Opp. ‡∞¨‡∞æ‡∞≤‡∞æ‡∞ú‡±Ä ‡∞°‡±à‡∞∞‡±Ä

#JanaVaaniJanaSenaBharosa
@PawanKalyan @JanaSenaParty https://t.co/0txLorWa1h","14.3894098,80.0836105"
9,DadiKumar,2022-08-20 03:20:51+00:00,64.0,,17.0,0.0,1.560829187887231e+18,https://twitter.com/DadiKumar/status/1560829187887230977,Nellore Rural,['JanaVaaniJanaSenaBharosa'],"[Photo(previewUrl='https://pbs.twimg.com/media/Fakt1pIVUAEQpik?format=jpg&name=small', fullUrl='https://pbs.twimg.com/media/Fakt1pIVUAEQpik?format=jpg&name=large')]",JanaVaaniJanaSenaBharosa,"‡∞ú‡∞®‡∞µ‡∞æ‡∞£‡∞ø ‡∞ú‡∞®‡∞∏‡±á‡∞® ‡∞≠‡∞∞‡±ã‡∞∏‡∞æ 4‡∞µ ‡∞µ‡∞ø‡∞°‡∞§.

‡∞∏‡±ç‡∞•‡∞≤‡∞Ç : GRR ‡∞ï‡∞®‡±ç‡∞µ‡±Ü‡∞®‡±ç‡∞∑‡∞®‡±ç ‡∞π‡∞æ‡∞≤‡±ç, ‡∞§‡∞ø‡∞∞‡±Å‡∞™‡∞§‡∞ø.

@JanaSenaParty chief Sri 
@PawanKalyan garu 
@mnadendla garu

#JanaVaaniJanaSenaBharosa https://t.co/odUY7FPMap","14.3894098,80.0836105"
10,Kalim_PawanisT,2022-08-20 03:37:11+00:00,10.0,,6.0,0.0,1.560833298158723e+18,https://twitter.com/Kalim_PawanisT/status/1560833298158723072,Kurnool,"['JanaSenaRythuBharosaYatra', 'JanaVaaniJanaSenaBharosa', 'JanaSena']","[Video(thumbnailUrl='https://pbs.twimg.com/ext_tw_video_thumb/1560832851687657474/pu/img/L02-G9MfNTSwomTM.jpg', variants=[VideoVariant(contentType='video/mp4', url='https://video.twimg.com/ext_tw_video/1560832851687657474/pu/vid/640x360/Q1fqqI3rZAiu-FA-.mp4?tag=12', bitrate=832000), VideoVariant(contentType='video/mp4', url='https://video.twimg.com/ext_tw_video/1560832851687657474/pu/vid/480x270/RLrFzVo6mG2dQWBw.mp4?tag=12', bitrate=256000), VideoVariant(contentType='video/mp4', url='https://video.twimg.com/ext_tw_video/1560832851687657474/pu/vid/1280x720/XR0QL3oXS9E_Oe7K.mp4?tag=12', bitrate=2176000), VideoVariant(contentType='application/x-mpegURL', url='https://video.twimg.com/ext_tw_video/1560832851687657474/pu/pl/Ky5gmmpENmTvsDCq.m3u8?tag=12&container=fmp4', bitrate=None)], duration=32.598, views=86)]",JanaVaaniJanaSenaBharosa,"‡∞ï‡∞°‡∞™‡∞ï‡±Å ‡∞µ‡∞∏‡±ç‡∞§‡±Å‡∞®‡±ç‡∞®‡∞æ‡∞Ç @ysjagan Reddy !
#JanaSenaRythuBharosaYatra 
#JanaVaaniJanaSenaBharosa 

@PawanKalyan #JanaSena https://t.co/FksZQUgx4h","15.8309251,78.0425373"
11,SaiDhar58615422,2022-08-20 18:53:23+00:00,2.0,,0.0,0.0,1.5610638681341747e+18,https://twitter.com/SaiDhar58615422/status/1561063868134174720,Cheepurupalle,['JanaVaaniJanaSenaBharosa'],"[Photo(previewUrl='https://pbs.twimg.com/media/FaoDS4UVsAEKNRv?format=jpg&name=small', fullUrl='https://pbs.twimg.com/media/FaoDS4UVsAEKNRv?format=jpg&name=large')]",JanaVaaniJanaSenaBharosa,"Chief @PawanKalyan reached Tirupati for tomorrow's JanaVaani program ü§çüòç 
#JanaVaaniJanaSenaBharosa https://t.co/tltvbHAJ0v","18.2688448,83.62901539"
12,MplPspkFC,2022-08-20 09:26:47+00:00,42.0,,15.0,1.0,1.5609212749304381e+18,https://twitter.com/MplPspkFC/status/1560921274930438144,Madanapalle,"['JanaSenaRythuBharosaYatra', 'JanaVaaniJanaSenaBharosa']","[Video(thumbnailUrl='https://pbs.twimg.com/ext_tw_video_thumb/1560921219909554177/pu/img/rZIloybp-tMsOG43.jpg', variants=[VideoVariant(contentType='video/mp4', url='https://video.twimg.com/ext_tw_video/1560921219909554177/pu/vid/640x352/Ba0a-gv2wK171Y74.mp4?tag=12', bitrate=832000), VideoVariant(contentType='video/mp4', url='https://video.twimg.com/ext_tw_video/1560921219909554177/pu/vid/490x270/6uGUyOAOLsZSorpZ.mp4?tag=12', bitrate=256000), VideoVariant(contentType='application/x-mpegURL', url='https://video.twimg.com/ext_tw_video/1560921219909554177/pu/pl/Tj1PZYCZKVt88AR2.m3u8?tag=12&container=fmp4', bitrate=None)], duration=25.146, views=264)]",JanaVaaniJanaSenaBharosa,"‡∞ú‡∞ó‡∞®‡∞∞‡±Ü‡∞°‡±ç‡∞°‡∞ø ‡∞ó‡∞æ‡∞∞‡±Å ‡∞ï‡∞°‡∞™ ‡∞Æ‡±Ä‡∞¶‡∞ø ‡∞Ö‡∞µ‡±ç‡∞µ‡∞ö‡±ç‡∞ö‡±Å ‡∞ï‡∞æ‡∞®‡±Ä ‡∞ï‡∞°‡∞™ ‡∞Ö‡∞°‡±ç‡∞°‡∞æ ‡∞ï‡∞æ‡∞∏‡±Å‡∞ï‡±ç‡∞ï‡±ã 
‡∞∏‡±Ä‡∞é‡∞Ç ‡∞ó‡∞æ‡∞∞‡∞ø ‡∞∏‡±ä‡∞Ç‡∞§ ‡∞ú‡∞ø‡∞≤‡±ç‡∞≤‡∞æ‡∞≤‡±ã @JanaSenaParty ‡∞Ö‡∞ß‡∞ø‡∞®‡±á‡∞§ ‡∞∂‡±ç‡∞∞‡±Ä @PawanKalyan ‡∞ó‡∞æ‡∞∞‡∞ø‡∞ï‡∞ø ‡∞ò‡∞® ‡∞™‡∞≤‡∞ï‡∞°‡∞æ‡∞®‡∞ø‡∞ï‡∞ø ‡∞∏‡∞ø‡∞¶‡±ç‡∞¶‡∞Ç ‡∞â‡∞®‡±ç‡∞® ‡∞™‡∞æ‡∞∞‡±ç‡∞ü‡±Ä ‡∞∂‡±ç‡∞∞‡±á‡∞£‡±Å‡∞≤‡±Å&amp; ‡∞Ö‡∞≠‡∞ø‡∞Æ‡∞æ‡∞®‡±Å‡∞≤‡±Å‚úä 
@mnadendla @NagaBabuOffl
#JanaSenaRythuBharosaYatra #JanaVaaniJanaSenaBharosa https://t.co/YFOCRMl0ai","13.57325965,78.47914645"
13,MplPspkFC,2022-08-20 09:10:36+00:00,53.0,,17.0,0.0,1.5609172051260375e+18,https://twitter.com/MplPspkFC/status/1560917205126037504,Madanapalle,"['JanaSenaRythuBharosaYatra', 'JanaVaaniJanaSenaBharosa', 'Kadapa']","[Photo(previewUrl='https://pbs.twimg.com/media/Fal97OkVUAExj30?format=jpg&name=small', fullUrl='https://pbs.twimg.com/media/Fal97OkVUAExj30?format=jpg&name=large')]",JanaVaaniJanaSenaBharosa,"‡∞ï‡∞°‡∞™‡∞ï‡∞ø ‡∞™‡±Å‡∞≤‡∞ø ‡∞µ‡∞ö‡±ç‡∞ö‡∞ø‡∞Ç‡∞¶‡∞ø ‡∞Ö‡∞®‡∞ø ‡∞Ü ‡∞™‡±Å‡∞≤‡∞ø‡∞µ‡±Ü‡∞Ç‡∞¶‡±Å‡∞≤ ‡∞™‡∞ø‡∞≤‡±ç‡∞≤‡∞ø‡∞ï‡∞ø ‡∞ö‡±Ü‡∞™‡±ç‡∞™‡∞Ç‡∞°‡∞ø @PawanKalyan @JanaSenaParty @JSPShatagniTeam @NagaBabuOffl @mnadendla 
#JanaSenaRythuBharosaYatra #JanaVaaniJanaSenaBharosa #Kadapa https://t.co/ZTOVIEieeO","13.57325965,78.47914645"
14,MplPspkFC,2022-08-20 07:37:09+00:00,62.0,,28.0,0.0,1.5608936847779922e+18,https://twitter.com/MplPspkFC/status/1560893684777992192,Madanapalle,"['JanaSenaRythuBharosaYatra', 'JanaVaaniJanaSenaBharosa']","[Video(thumbnailUrl='https://pbs.twimg.com/ext_tw_video_thumb/1560893641144446977/pu/img/GaLJGlCqF8Jw0EsV.jpg', variants=[VideoVariant(contentType='application/x-mpegURL', url='https://video.twimg.com/ext_tw_video/1560893641144446977/pu/pl/plq4shOPNljsy0xh.m3u8?tag=12&container=fmp4', bitrate=None), VideoVariant(contentType='video/mp4', url='https://video.twimg.com/ext_tw_video/1560893641144446977/pu/vid/480x852/GWt_EUeR4AW5pT5E.mp4?tag=12', bitrate=950000), VideoVariant(contentType='video/mp4', url='https://video.twimg.com/ext_tw_video/1560893641144446977/pu/vid/720x1280/mxg7WjUFZ9Pa92hb.mp4?tag=12', bitrate=2176000), VideoVariant(contentType='video/mp4', url='https://video.twimg.com/ext_tw_video/1560893641144446977/pu/vid/320x568/id5QytV3XpGIznBV.mp4?tag=12', bitrate=632000)], duration=10.047, views=278)]",JanaVaaniJanaSenaBharosa,"‡∞∞‡∞æ‡∞∑‡±ç‡∞ü‡±ç‡∞∞ ‡∞Æ‡±Å‡∞ñ‡±ç‡∞Ø‡∞Æ‡∞Ç‡∞§‡±ç‡∞∞‡∞ø ‡∞µ‡±à‡∞Ø‡∞∏‡±ç ‡∞ú‡∞ó‡∞®‡±ç‡∞Æ‡±ã‡∞π‡∞®‡±ç ‡∞∞‡±Ü‡∞°‡±ç‡∞°‡∞ø‡∞ó‡∞æ‡∞∞‡∞ø ‡∞∏‡±ä‡∞Ç‡∞§‡∞ú‡∞ø‡∞≤‡±ç‡∞≤‡∞æ‡∞≤‡±ã @JanaSenaParty ‡∞Ö‡∞ß‡±ç‡∞Ø‡∞ï‡±ç‡∞∑‡±Å‡∞≤‡±Å ‡∞∂‡±ç‡∞∞‡±Ä@PawanKalyan ‡∞ï‡±Ä ‡∞ò‡∞® ‡∞∏‡±ç‡∞µ‡∞æ‡∞ó‡∞§‡∞Ç ‡∞™‡∞≤‡∞ï‡∞°‡∞æ‡∞®‡∞ø‡∞ï‡∞ø ‡∞é‡∞¶‡±Å‡∞∞‡±Å‡∞ö‡±Ç‡∞∏‡±ç‡∞§‡±Å‡∞®‡±ç‡∞® ‡∞™‡∞æ‡∞∞‡±ç‡∞ü‡±Ä ‡∞ï‡∞æ‡∞∞‡±ç‡∞Ø‡∞ï‡∞∞‡±ç‡∞§‡∞≤‡±Å @mnadendla @NagaBabuOffl
@MyforceMahesh #JanaSenaRythuBharosaYatra 
#JanaVaaniJanaSenaBharosa https://t.co/IoDSPZ7PDl","13.57325965,78.47914645"
15,alwaysnaveenB,2022-08-20 15:36:50+00:00,0.0,,0.0,0.0,1.5610144009909494e+18,https://twitter.com/alwaysnaveenB/status/1561014400990949379,Chandragiri,"['Pawanakalyan', 'Tirupati', 'JanaVaaniJanaSenaBharosa']",,JanaVaaniJanaSenaBharosa,"Janasenani #Pawanakalyan arrived in #Tirupati 
#JanaVaaniJanaSenaBharosa","13.5216544,79.2276785"
16,PHariPrasad777,2022-08-20 05:16:11+00:00,260.0,,80.0,1.0,1.5608582118921994e+18,https://twitter.com/PHariPrasad777/status/1560858211892199425,Chandragiri,['JanaVaaniJanaSenaBharosa'],"[Video(thumbnailUrl='https://pbs.twimg.com/ext_tw_video_thumb/1560858014772502529/pu/img/wskXOAAJ663KYJL8.jpg', variants=[VideoVariant(contentType='video/mp4', url='https://video.twimg.com/ext_tw_video/1560858014772502529/pu/vid/480x270/m-k2NzWlsRiKM3l4.mp4?tag=12', bitrate=256000), VideoVariant(contentType='video/mp4', url='https://video.twimg.com/ext_tw_video/1560858014772502529/pu/vid/1280x720/B1HIPmQ7TODOUiq-.mp4?tag=12', bitrate=2176000), VideoVariant(contentType='video/mp4', url='https://video.twimg.com/ext_tw_video/1560858014772502529/pu/vid/640x360/2IkUDMehsAE1rJP-.mp4?tag=12', bitrate=832000), VideoVariant(contentType='application/x-mpegURL', url='https://video.twimg.com/ext_tw_video/1560858014772502529/pu/pl/3f_hWDK-NxZpfqTz.m3u8?tag=12&container=fmp4', bitrate=None)], duration=80.865, views=943)]",JanaVaaniJanaSenaBharosa,"(‡∞Ü‡∞ó‡∞∏‡±ç‡∞ü‡±Å 21‡∞µ ‡∞§‡±á‡∞¶‡±Ä), ‡∞Ü‡∞¶‡∞ø‡∞µ‡∞æ‡∞∞‡∞Ç, ‡∞â‡∞¶‡∞Ø‡∞Ç 10 ‡∞®‡±Å‡∞Ç‡∞°‡∞ø ‡∞Æ‡∞ß‡±ç‡∞Ø‡∞æ‡∞π‡±ç‡∞®‡∞Ç 3 ‡∞µ‡∞∞‡∞ï‡±Å ‡∞∏‡∞æ‡∞Æ‡∞æ‡∞®‡±ç‡∞Ø‡±Å‡∞°‡∞ø ‡∞ó‡∞≥‡∞Ç ‡∞µ‡∞ø‡∞®‡∞ø‡∞™‡∞ø‡∞Ç‡∞ö‡±á‡∞≤‡∞æ ""‡∞ú‡∞®‡∞µ‡∞æ‡∞£‡∞ø - ‡∞ú‡∞®‡∞∏‡±á‡∞® ‡∞≠‡∞∞‡±ã‡∞∏‡∞æ"" ‡∞ï‡∞æ‡∞∞‡±ç‡∞Ø‡∞ï‡±ç‡∞∞‡∞Æ‡∞Ç ‡∞µ‡±á‡∞¶‡∞ø‡∞ï  : GRR ‡∞ï‡∞®‡±ç‡∞µ‡±Ü‡∞®‡±ç‡∞∑‡∞®‡±ç ‡∞π‡∞æ‡∞≤‡±ç,
‡∞§‡∞ø‡∞∞‡±Å‡∞™‡∞§‡∞ø - ‡∞¨‡±Ü‡∞Ç‡∞ó‡∞≥‡±Ç‡∞∞‡±Å ‡∞π‡±à‡∞µ‡±á, Opp. ‡∞¨‡∞æ‡∞≤‡∞æ‡∞ú‡±Ä ‡∞°‡±à‡∞∞‡±Ä

#JanaVaaniJanaSenaBharosa
@PawanKalyan @JanaSenaParty https://t.co/QrKuF7E5xc","13.5216544,79.2276785"
17,JspKakarla,2022-08-20 01:44:39+00:00,24.0,,5.0,0.0,1.5608049750931128e+18,https://twitter.com/JspKakarla/status/1560804975093112833,Chandragiri,['JanaVaaniJanaSenaBharosa'],"[Photo(previewUrl='https://pbs.twimg.com/media/FakX2fjagAARUQv?format=jpg&name=small', fullUrl='https://pbs.twimg.com/media/FakX2fjagAARUQv?format=jpg&name=large')]",JanaVaaniJanaSenaBharosa,"‡∞ú‡∞®‡∞µ‡∞æ‡∞£‡∞ø ‡∞ú‡∞®‡∞∏‡±á‡∞® ‡∞≠‡∞∞‡±ã‡∞∏‡∞æ 4‡∞µ ‡∞µ‡∞ø‡∞°‡∞§.

‡∞∏‡±ç‡∞•‡∞≤‡∞Ç : GRR ‡∞ï‡∞®‡±ç‡∞µ‡±Ü‡∞®‡±ç‡∞∑‡∞®‡±ç ‡∞π‡∞æ‡∞≤‡±ç, ‡∞§‡∞ø‡∞∞‡±Å‡∞™‡∞§‡∞ø.

#JanaVaaniJanaSenaBharosa https://t.co/fR9PQdvG44","13.5216544,79.2276785"
18,VeerendraJSP,2022-08-20 15:08:50+00:00,34.0,,14.0,0.0,1.561007357882028e+18,https://twitter.com/VeerendraJSP/status/1561007357882028032,Visakhapatnam East,"['JanaSenaRaituBharosaYatra', 'JanaVaaniJanaSenaBharosa', 'JSPForNewAgePolitics', 'PawanKalyan']","[Video(thumbnailUrl='https://pbs.twimg.com/ext_tw_video_thumb/1561007314936938497/pu/img/1WTczDCQFiVzwyWW.jpg', variants=[VideoVariant(contentType='video/mp4', url='https://video.twimg.com/ext_tw_video/1561007314936938497/pu/vid/308x270/KpASQwd0AuaCqHTt.mp4?tag=12', bitrate=256000), VideoVariant(contentType='application/x-mpegURL', url='https://video.twimg.com/ext_tw_video/1561007314936938497/pu/pl/ccje_ofrN29lX6AM.m3u8?tag=12&container=fmp4', bitrate=None), VideoVariant(contentType='video/mp4', url='https://video.twimg.com/ext_tw_video/1561007314936938497/pu/vid/412x360/AE0Yw2agV2uWpWEu.mp4?tag=12', bitrate=832000), VideoVariant(contentType='video/mp4', url='https://video.twimg.com/ext_tw_video/1561007314936938497/pu/vid/826x720/OJCUwUB995GfHtZm.mp4?tag=12', bitrate=2176000)], duration=27.235, views=171)]",JanaVaaniJanaSenaBharosa,"Vizag South nundi poti chey @PawanKalyan Anna
Ninnu assembly ki vellakunda yevadu aaputhado chudham Esari @JanaSenaParty @mnadendla @TSivasankararao @bolisetti_satya @JSPShivaPrasad 
#JanaSenaRaituBharosaYatra 
#JanaVaaniJanaSenaBharosa 
#JSPForNewAgePolitics 
#PawanKalyan https://t.co/0pgdGuNLUL","17.72083175,83.20636862"
19,PAWANKA73970500,2022-08-20 04:16:59+00:00,3.0,,1.0,0.0,1.5608433120553288e+18,https://twitter.com/PAWANKA73970500/status/1560843312055328768,Visakhapatnam East,['JanaVaaniJanaSenaBharosa'],"[Photo(previewUrl='https://pbs.twimg.com/media/Fak6uFgacAA0PqX?format=jpg&name=small', fullUrl='https://pbs.twimg.com/media/Fak6uFgacAA0PqX?format=jpg&name=large')]",JanaVaaniJanaSenaBharosa,"‡∞ú‡∞®‡∞µ‡∞æ‡∞£‡∞ø ‡∞ú‡∞®‡∞∏‡±á‡∞® ‡∞≠‡∞∞‡±ã‡∞∏‡∞æ 4‡∞µ ‡∞µ‡∞ø‡∞°‡∞§.

‡∞∏‡±ç‡∞•‡∞≤‡∞Ç : GPR ‡∞ï‡∞®‡±ç‡∞µ‡±Ü‡∞®‡±ç‡∞∑‡∞®‡±ç ‡∞π‡∞æ‡∞≤‡±ç, ‡∞§‡∞ø‡∞∞‡±Å‡∞™‡∞§‡∞ø.

#JanaVaaniJanaSenaBharosa https://t.co/Mi70cbYaID","17.72083175,83.20636862"
20,VeerendraJSP,2022-08-20 15:08:50+00:00,34.0,,14.0,0.0,1.561007357882028e+18,https://twitter.com/VeerendraJSP/status/1561007357882028032,Visakhapatnam South,"['JanaSenaRaituBharosaYatra', 'JanaVaaniJanaSenaBharosa', 'JSPForNewAgePolitics', 'PawanKalyan']","[Video(thumbnailUrl='https://pbs.twimg.com/ext_tw_video_thumb/1561007314936938497/pu/img/1WTczDCQFiVzwyWW.jpg', variants=[VideoVariant(contentType='video/mp4', url='https://video.twimg.com/ext_tw_video/1561007314936938497/pu/vid/308x270/KpASQwd0AuaCqHTt.mp4?tag=12', bitrate=256000), VideoVariant(contentType='application/x-mpegURL', url='https://video.twimg.com/ext_tw_video/1561007314936938497/pu/pl/ccje_ofrN29lX6AM.m3u8?tag=12&container=fmp4', bitrate=None), VideoVariant(contentType='video/mp4', url='https://video.twimg.com/ext_tw_video/1561007314936938497/pu/vid/412x360/AE0Yw2agV2uWpWEu.mp4?tag=12', bitrate=832000), VideoVariant(contentType='video/mp4', url='https://video.twimg.com/ext_tw_video/1561007314936938497/pu/vid/826x720/OJCUwUB995GfHtZm.mp4?tag=12', bitrate=2176000)], duration=27.235, views=171)]",JanaVaaniJanaSenaBharosa,"Vizag South nundi poti chey @PawanKalyan Anna
Ninnu assembly ki vellakunda yevadu aaputhado chudham Esari @JanaSenaParty @mnadendla @TSivasankararao @bolisetti_satya @JSPShivaPrasad 
#JanaSenaRaituBharosaYatra 
#JanaVaaniJanaSenaBharosa 
#JSPForNewAgePolitics 
#PawanKalyan https://t.co/0pgdGuNLUL","17.7222517,83.32670984"
21,PAWANKA73970500,2022-08-20 04:16:59+00:00,3.0,,1.0,0.0,1.5608433120553288e+18,https://twitter.com/PAWANKA73970500/status/1560843312055328768,Visakhapatnam South,['JanaVaaniJanaSenaBharosa'],"[Photo(previewUrl='https://pbs.twimg.com/media/Fak6uFgacAA0PqX?format=jpg&name=small', fullUrl='https://pbs.twimg.com/media/Fak6uFgacAA0PqX?format=jpg&name=large')]",JanaVaaniJanaSenaBharosa,"‡∞ú‡∞®‡∞µ‡∞æ‡∞£‡∞ø ‡∞ú‡∞®‡∞∏‡±á‡∞® ‡∞≠‡∞∞‡±ã‡∞∏‡∞æ 4‡∞µ ‡∞µ‡∞ø‡∞°‡∞§.

‡∞∏‡±ç‡∞•‡∞≤‡∞Ç : GPR ‡∞ï‡∞®‡±ç‡∞µ‡±Ü‡∞®‡±ç‡∞∑‡∞®‡±ç ‡∞π‡∞æ‡∞≤‡±ç, ‡∞§‡∞ø‡∞∞‡±Å‡∞™‡∞§‡∞ø.

#JanaVaaniJanaSenaBharosa https://t.co/Mi70cbYaID","17.7222517,83.32670984"
22,VeerendraJSP,2022-08-20 15:08:50+00:00,34.0,,14.0,0.0,1.561007357882028e+18,https://twitter.com/VeerendraJSP/status/1561007357882028032,Visakhapatnam North,"['JanaSenaRaituBharosaYatra', 'JanaVaaniJanaSenaBharosa', 'JSPForNewAgePolitics', 'PawanKalyan']","[Video(thumbnailUrl='https://pbs.twimg.com/ext_tw_video_thumb/1561007314936938497/pu/img/1WTczDCQFiVzwyWW.jpg', variants=[VideoVariant(contentType='video/mp4', url='https://video.twimg.com/ext_tw_video/1561007314936938497/pu/vid/308x270/KpASQwd0AuaCqHTt.mp4?tag=12', bitrate=256000), VideoVariant(contentType='application/x-mpegURL', url='https://video.twimg.com/ext_tw_video/1561007314936938497/pu/pl/ccje_ofrN29lX6AM.m3u8?tag=12&container=fmp4', bitrate=None), VideoVariant(contentType='video/mp4', url='https://video.twimg.com/ext_tw_video/1561007314936938497/pu/vid/412x360/AE0Yw2agV2uWpWEu.mp4?tag=12', bitrate=832000), VideoVariant(contentType='video/mp4', url='https://video.twimg.com/ext_tw_video/1561007314936938497/pu/vid/826x720/OJCUwUB995GfHtZm.mp4?tag=12', bitrate=2176000)], duration=27.235, views=171)]",JanaVaaniJanaSenaBharosa,"Vizag South nundi poti chey @PawanKalyan Anna
Ninnu assembly ki vellakunda yevadu aaputhado chudham Esari @JanaSenaParty @mnadendla @TSivasankararao @bolisetti_satya @JSPShivaPrasad 
#JanaSenaRaituBharosaYatra 
#JanaVaaniJanaSenaBharosa 
#JSPForNewAgePolitics 
#PawanKalyan https://t.co/0pgdGuNLUL","17.686815,83.218483"
23,PAWANKA73970500,2022-08-20 04:16:59+00:00,3.0,,1.0,0.0,1.5608433120553288e+18,https://twitter.com/PAWANKA73970500/status/1560843312055328768,Visakhapatnam North,['JanaVaaniJanaSenaBharosa'],"[Photo(previewUrl='https://pbs.twimg.com/media/Fak6uFgacAA0PqX?format=jpg&name=small', fullUrl='https://pbs.twimg.com/media/Fak6uFgacAA0PqX?format=jpg&name=large')]",JanaVaaniJanaSenaBharosa,"‡∞ú‡∞®‡∞µ‡∞æ‡∞£‡∞ø ‡∞ú‡∞®‡∞∏‡±á‡∞® ‡∞≠‡∞∞‡±ã‡∞∏‡∞æ 4‡∞µ ‡∞µ‡∞ø‡∞°‡∞§.

‡∞∏‡±ç‡∞•‡∞≤‡∞Ç : GPR ‡∞ï‡∞®‡±ç‡∞µ‡±Ü‡∞®‡±ç‡∞∑‡∞®‡±ç ‡∞π‡∞æ‡∞≤‡±ç, ‡∞§‡∞ø‡∞∞‡±Å‡∞™‡∞§‡∞ø.

#JanaVaaniJanaSenaBharosa https://t.co/Mi70cbYaID","17.686815,83.218483"
24,VeerendraJSP,2022-08-20 15:08:50+00:00,34.0,,14.0,0.0,1.561007357882028e+18,https://twitter.com/VeerendraJSP/status/1561007357882028032,Visakhapatnam West,"['JanaSenaRaituBharosaYatra', 'JanaVaaniJanaSenaBharosa', 'JSPForNewAgePolitics', 'PawanKalyan']","[Video(thumbnailUrl='https://pbs.twimg.com/ext_tw_video_thumb/1561007314936938497/pu/img/1WTczDCQFiVzwyWW.jpg', variants=[VideoVariant(contentType='video/mp4', url='https://video.twimg.com/ext_tw_video/1561007314936938497/pu/vid/308x270/KpASQwd0AuaCqHTt.mp4?tag=12', bitrate=256000), VideoVariant(contentType='application/x-mpegURL', url='https://video.twimg.com/ext_tw_video/1561007314936938497/pu/pl/ccje_ofrN29lX6AM.m3u8?tag=12&container=fmp4', bitrate=None), VideoVariant(contentType='video/mp4', url='https://video.twimg.com/ext_tw_video/1561007314936938497/pu/vid/412x360/AE0Yw2agV2uWpWEu.mp4?tag=12', bitrate=832000), VideoVariant(contentType='video/mp4', url='https://video.twimg.com/ext_tw_video/1561007314936938497/pu/vid/826x720/OJCUwUB995GfHtZm.mp4?tag=12', bitrate=2176000)], duration=27.235, views=171)]",JanaVaaniJanaSenaBharosa,"Vizag South nundi poti chey @PawanKalyan Anna
Ninnu assembly ki vellakunda yevadu aaputhado chudham Esari @JanaSenaParty @mnadendla @TSivasankararao @bolisetti_satya @JSPShivaPrasad 
#JanaSenaRaituBharosaYatra 
#JanaVaaniJanaSenaBharosa 
#JSPForNewAgePolitics 
#PawanKalyan https://t.co/0pgdGuNLUL","17.686815,83.218483"
25,PAWANKA73970500,2022-08-20 04:16:59+00:00,3.0,,1.0,0.0,1.5608433120553288e+18,https://twitter.com/PAWANKA73970500/status/1560843312055328768,Visakhapatnam West,['JanaVaaniJanaSenaBharosa'],"[Photo(previewUrl='https://pbs.twimg.com/media/Fak6uFgacAA0PqX?format=jpg&name=small', fullUrl='https://pbs.twimg.com/media/Fak6uFgacAA0PqX?format=jpg&name=large')]",JanaVaaniJanaSenaBharosa,"‡∞ú‡∞®‡∞µ‡∞æ‡∞£‡∞ø ‡∞ú‡∞®‡∞∏‡±á‡∞® ‡∞≠‡∞∞‡±ã‡∞∏‡∞æ 4‡∞µ ‡∞µ‡∞ø‡∞°‡∞§.

‡∞∏‡±ç‡∞•‡∞≤‡∞Ç : GPR ‡∞ï‡∞®‡±ç‡∞µ‡±Ü‡∞®‡±ç‡∞∑‡∞®‡±ç ‡∞π‡∞æ‡∞≤‡±ç, ‡∞§‡∞ø‡∞∞‡±Å‡∞™‡∞§‡∞ø.

#JanaVaaniJanaSenaBharosa https://t.co/Mi70cbYaID","17.686815,83.218483"
26,VeerendraJSP,2022-08-20 15:08:50+00:00,34.0,,14.0,0.0,1.561007357882028e+18,https://twitter.com/VeerendraJSP/status/1561007357882028032,Gajuwaka,"['JanaSenaRaituBharosaYatra', 'JanaVaaniJanaSenaBharosa', 'JSPForNewAgePolitics', 'PawanKalyan']","[Video(thumbnailUrl='https://pbs.twimg.com/ext_tw_video_thumb/1561007314936938497/pu/img/1WTczDCQFiVzwyWW.jpg', variants=[VideoVariant(contentType='video/mp4', url='https://video.twimg.com/ext_tw_video/1561007314936938497/pu/vid/308x270/KpASQwd0AuaCqHTt.mp4?tag=12', bitrate=256000), VideoVariant(contentType='application/x-mpegURL', url='https://video.twimg.com/ext_tw_video/1561007314936938497/pu/pl/ccje_ofrN29lX6AM.m3u8?tag=12&container=fmp4', bitrate=None), VideoVariant(contentType='video/mp4', url='https://video.twimg.com/ext_tw_video/1561007314936938497/pu/vid/412x360/AE0Yw2agV2uWpWEu.mp4?tag=12', bitrate=832000), VideoVariant(contentType='video/mp4', url='https://video.twimg.com/ext_tw_video/1561007314936938497/pu/vid/826x720/OJCUwUB995GfHtZm.mp4?tag=12', bitrate=2176000)], duration=27.235, views=171)]",JanaVaaniJanaSenaBharosa,"Vizag South nundi poti chey @PawanKalyan Anna
Ninnu assembly ki vellakunda yevadu aaputhado chudham Esari @JanaSenaParty @mnadendla @TSivasankararao @bolisetti_satya @JSPShivaPrasad 
#JanaSenaRaituBharosaYatra 
#JanaVaaniJanaSenaBharosa 
#JSPForNewAgePolitics 
#PawanKalyan https://t.co/0pgdGuNLUL","17.6811126,83.18283163"
27,PAWANKA73970500,2022-08-20 04:16:59+00:00,3.0,,1.0,0.0,1.5608433120553288e+18,https://twitter.com/PAWANKA73970500/status/1560843312055328768,Gajuwaka,['JanaVaaniJanaSenaBharosa'],"[Photo(previewUrl='https://pbs.twimg.com/media/Fak6uFgacAA0PqX?format=jpg&name=small', fullUrl='https://pbs.twimg.com/media/Fak6uFgacAA0PqX?format=jpg&name=large')]",JanaVaaniJanaSenaBharosa,"‡∞ú‡∞®‡∞µ‡∞æ‡∞£‡∞ø ‡∞ú‡∞®‡∞∏‡±á‡∞® ‡∞≠‡∞∞‡±ã‡∞∏‡∞æ 4‡∞µ ‡∞µ‡∞ø‡∞°‡∞§.

‡∞∏‡±ç‡∞•‡∞≤‡∞Ç : GPR ‡∞ï‡∞®‡±ç‡∞µ‡±Ü‡∞®‡±ç‡∞∑‡∞®‡±ç ‡∞π‡∞æ‡∞≤‡±ç, ‡∞§‡∞ø‡∞∞‡±Å‡∞™‡∞§‡∞ø.

#JanaVaaniJanaSenaBharosa https://t.co/Mi70cbYaID","17.6811126,83.18283163"
28,VeerendraJSP,2022-08-20 15:08:50+00:00,34.0,,14.0,0.0,1.561007357882028e+18,https://twitter.com/VeerendraJSP/status/1561007357882028032,Pendurthi,"['JanaSenaRaituBharosaYatra', 'JanaVaaniJanaSenaBharosa', 'JSPForNewAgePolitics', 'PawanKalyan']","[Video(thumbnailUrl='https://pbs.twimg.com/ext_tw_video_thumb/1561007314936938497/pu/img/1WTczDCQFiVzwyWW.jpg', variants=[VideoVariant(contentType='video/mp4', url='https://video.twimg.com/ext_tw_video/1561007314936938497/pu/vid/308x270/KpASQwd0AuaCqHTt.mp4?tag=12', bitrate=256000), VideoVariant(contentType='application/x-mpegURL', url='https://video.twimg.com/ext_tw_video/1561007314936938497/pu/pl/ccje_ofrN29lX6AM.m3u8?tag=12&container=fmp4', bitrate=None), VideoVariant(contentType='video/mp4', url='https://video.twimg.com/ext_tw_video/1561007314936938497/pu/vid/412x360/AE0Yw2agV2uWpWEu.mp4?tag=12', bitrate=832000), VideoVariant(contentType='video/mp4', url='https://video.twimg.com/ext_tw_video/1561007314936938497/pu/vid/826x720/OJCUwUB995GfHtZm.mp4?tag=12', bitrate=2176000)], duration=27.235, views=171)]",JanaVaaniJanaSenaBharosa,"Vizag South nundi poti chey @PawanKalyan Anna
Ninnu assembly ki vellakunda yevadu aaputhado chudham Esari @JanaSenaParty @mnadendla @TSivasankararao @bolisetti_satya @JSPShivaPrasad 
#JanaSenaRaituBharosaYatra 
#JanaVaaniJanaSenaBharosa 
#JSPForNewAgePolitics 
#PawanKalyan https://t.co/0pgdGuNLUL","17.80066925,83.20103748"
29,PAWANKA73970500,2022-08-20 04:16:59+00:00,3.0,,1.0,0.0,1.5608433120553288e+18,https://twitter.com/PAWANKA73970500/status/1560843312055328768,Pendurthi,['JanaVaaniJanaSenaBharosa'],"[Photo(previewUrl='https://pbs.twimg.com/media/Fak6uFgacAA0PqX?format=jpg&name=small', fullUrl='https://pbs.twimg.com/media/Fak6uFgacAA0PqX?format=jpg&name=large')]",JanaVaaniJanaSenaBharosa,"‡∞ú‡∞®‡∞µ‡∞æ‡∞£‡∞ø ‡∞ú‡∞®‡∞∏‡±á‡∞® ‡∞≠‡∞∞‡±ã‡∞∏‡∞æ 4‡∞µ ‡∞µ‡∞ø‡∞°‡∞§.

‡∞∏‡±ç‡∞•‡∞≤‡∞Ç : GPR ‡∞ï‡∞®‡±ç‡∞µ‡±Ü‡∞®‡±ç‡∞∑‡∞®‡±ç ‡∞π‡∞æ‡∞≤‡±ç, ‡∞§‡∞ø‡∞∞‡±Å‡∞™‡∞§‡∞ø.

#JanaVaaniJanaSenaBharosa https://t.co/Mi70cbYaID","17.80066925,83.20103748"
30,VeerendraJSP,2022-08-20 15:08:50+00:00,34.0,,14.0,0.0,1.561007357882028e+18,https://twitter.com/VeerendraJSP/status/1561007357882028032,Payakaraopet,"['JanaSenaRaituBharosaYatra', 'JanaVaaniJanaSenaBharosa', 'JSPForNewAgePolitics', 'PawanKalyan']","[Video(thumbnailUrl='https://pbs.twimg.com/ext_tw_video_thumb/1561007314936938497/pu/img/1WTczDCQFiVzwyWW.jpg', variants=[VideoVariant(contentType='video/mp4', url='https://video.twimg.com/ext_tw_video/1561007314936938497/pu/vid/308x270/KpASQwd0AuaCqHTt.mp4?tag=12', bitrate=256000), VideoVariant(contentType='application/x-mpegURL', url='https://video.twimg.com/ext_tw_video/1561007314936938497/pu/pl/ccje_ofrN29lX6AM.m3u8?tag=12&container=fmp4', bitrate=None), VideoVariant(contentType='video/mp4', url='https://video.twimg.com/ext_tw_video/1561007314936938497/pu/vid/412x360/AE0Yw2agV2uWpWEu.mp4?tag=12', bitrate=832000), VideoVariant(contentType='video/mp4', url='https://video.twimg.com/ext_tw_video/1561007314936938497/pu/vid/826x720/OJCUwUB995GfHtZm.mp4?tag=12', bitrate=2176000)], duration=27.235, views=171)]",JanaVaaniJanaSenaBharosa,"Vizag South nundi poti chey @PawanKalyan Anna
Ninnu assembly ki vellakunda yevadu aaputhado chudham Esari @JanaSenaParty @mnadendla @TSivasankararao @bolisetti_satya @JSPShivaPrasad 
#JanaSenaRaituBharosaYatra 
#JanaVaaniJanaSenaBharosa 
#JSPForNewAgePolitics 
#PawanKalyan https://t.co/0pgdGuNLUL","17.6016,83.1286"
31,PAWANKA73970500,2022-08-20 04:16:59+00:00,3.0,,1.0,0.0,1.5608433120553288e+18,https://twitter.com/PAWANKA73970500/status/1560843312055328768,Payakaraopet,['JanaVaaniJanaSenaBharosa'],"[Photo(previewUrl='https://pbs.twimg.com/media/Fak6uFgacAA0PqX?format=jpg&name=small', fullUrl='https://pbs.twimg.com/media/Fak6uFgacAA0PqX?format=jpg&name=large')]",JanaVaaniJanaSenaBharosa,"‡∞ú‡∞®‡∞µ‡∞æ‡∞£‡∞ø ‡∞ú‡∞®‡∞∏‡±á‡∞® ‡∞≠‡∞∞‡±ã‡∞∏‡∞æ 4‡∞µ ‡∞µ‡∞ø‡∞°‡∞§.

‡∞∏‡±ç‡∞•‡∞≤‡∞Ç : GPR ‡∞ï‡∞®‡±ç‡∞µ‡±Ü‡∞®‡±ç‡∞∑‡∞®‡±ç ‡∞π‡∞æ‡∞≤‡±ç, ‡∞§‡∞ø‡∞∞‡±Å‡∞™‡∞§‡∞ø.

#JanaVaaniJanaSenaBharosa https://t.co/Mi70cbYaID","17.6016,83.1286"
32,abdul_nazeeb8,2022-08-20 19:26:29+00:00,9.0,,2.0,0.0,1.5610721966293197e+18,https://twitter.com/abdul_nazeeb8/status/1561072196629319680,Gannavaram,['JanaVaaniJanaSenaBharosa'],"[Video(thumbnailUrl='https://pbs.twimg.com/ext_tw_video_thumb/1561072128447107072/pu/img/Cvh9wbtCU0zRrfeQ.jpg', variants=[VideoVariant(contentType='video/mp4', url='https://video.twimg.com/ext_tw_video/1561072128447107072/pu/vid/320x320/XVJ4O48UQlh_meFd.mp4?tag=12', bitrate=432000), VideoVariant(contentType='application/x-mpegURL', url='https://video.twimg.com/ext_tw_video/1561072128447107072/pu/pl/t6mzuJHyw-YTHAgU.m3u8?tag=12&container=fmp4', bitrate=None), VideoVariant(contentType='video/mp4', url='https://video.twimg.com/ext_tw_video/1561072128447107072/pu/vid/720x720/dUGbZNrZURYfEUG8.mp4?tag=12', bitrate=1280000), VideoVariant(contentType='video/mp4', url='https://video.twimg.com/ext_tw_video/1561072128447107072/pu/vid/540x540/yt4JDFMbr2aT1c-d.mp4?tag=12', bitrate=832000)], duration=29.05, views=62)]",JanaVaaniJanaSenaBharosa,"‡∞§‡∞ø‡∞∞‡±Å‡∞™‡∞§‡∞ø‡∞≤‡±ã ‡∞ú‡∞®‡∞∏‡±á‡∞®‡∞®‡∞ø ‡∞ï‡∞ø ‡∞ò‡∞∏‡±ç‡∞µ‡∞æ‡∞ó‡∞§‡∞Ç ‡∞™‡∞≤‡±Å‡∞ï‡±Å‡∞§‡±Ç ‡∞π‡∞æ‡∞∞‡∞§‡∞ø ‡∞á‡∞ö‡±ç‡∞ö‡∞ø‡∞® @JSPVeeraMahila ‡∞≤‡±Å, @JanaSenaParty ‡∞∂‡±ç‡∞∞‡±á‡∞£‡±Å‡∞≤‡±Å..üíêüíêüíê

#JanaVaaniJanaSenaBharosa

@Keerthana_JSP @mekiranroyal
@mnadendla @JSP4Andhra 
Upcoming AP CM @PawanKalyan üî•üí™ https://t.co/3bXdtlKl3i","16.5561295,80.7961511"
33,urs_jafar2,2022-08-20 17:55:48+00:00,8.0,,2.0,0.0,1.561049375341654e+18,https://twitter.com/urs_jafar2/status/1561049375341654016,Gannavaram,"['JanasenaRythuBarosaYatra', 'JanaVaaniJanaSenaBharosa']","[Video(thumbnailUrl='https://pbs.twimg.com/ext_tw_video_thumb/1561048162650927105/pu/img/d58oNjtks74sQjVa.jpg', variants=[VideoVariant(contentType='video/mp4', url='https://video.twimg.com/ext_tw_video/1561048162650927105/pu/vid/800x360/xqZwYr3pNz16rl68.mp4?tag=12', bitrate=832000), VideoVariant(contentType='video/mp4', url='https://video.twimg.com/ext_tw_video/1561048162650927105/pu/vid/600x270/VAnkILzbi9Ikd4Mp.mp4?tag=12', bitrate=256000), VideoVariant(contentType='video/mp4', url='https://video.twimg.com/ext_tw_video/1561048162650927105/pu/vid/1280x576/DdOYzyR90HxS6Jy7.mp4?tag=12', bitrate=2176000), VideoVariant(contentType='application/x-mpegURL', url='https://video.twimg.com/ext_tw_video/1561048162650927105/pu/pl/7Xr6Iq15hvYsxqFu.m3u8?tag=12&container=fmp4', bitrate=None)], duration=58.132, views=47)]",JanaVaaniJanaSenaBharosa,"@KChiruTweets ‡∞ö‡∞ø‡∞∞‡∞Ç‡∞ú‡±Ä‡∞µ‡∞ø ‡∞ó‡∞æ‡∞∞‡∞ø‡∞ï‡∞ø 
@PawanKalyan ‡∞ó‡∞æ‡∞∞‡∞ø‡∞®‡∞ø ‡∞Æ‡∞ø‡∞Ç‡∞ö‡∞ø‡∞® ‡∞Ö‡∞≠‡∞ø‡∞Æ‡∞æ‡∞®‡∞ø
‡∞â‡∞Ç‡∞°‡∞∞‡±á‡∞Æ‡±ç‡∞Æ‡±ã.!üëç‡∞à ‡∞™‡±ç‡∞∞‡∞™‡∞Ç‡∞ö‡∞Ç‡∞≤‡±ã 

‡∞ï‡±ä‡∞Ç‡∞§‡∞Æ‡∞Ç‡∞¶‡∞ø ‡∞∏‡∞®‡±ç‡∞®‡∞æ‡∞∏‡±Å‡∞≤‡∞æ‡∞ï‡∞ø ‡∞à ‡∞µ‡±Ä‡∞°‡∞ø‡∞Ø‡±ã ‡∞Ö‡∞Ç‡∞ï‡∞ø‡∞§‡∞Ç üôèüôèüôèüëá

#JanasenaRythuBarosaYatra
#JanaVaaniJanaSenaBharosa https://t.co/5SkJ6CAJlx","16.5561295,80.7961511"
34,urs_jafar2,2022-08-20 17:35:55+00:00,7.0,,0.0,0.0,1.5610443728623534e+18,https://twitter.com/urs_jafar2/status/1561044372862353408,Gannavaram,['JanaVaaniJanaSenaBharosa'],"[Photo(previewUrl='https://pbs.twimg.com/media/FanxlWCUsAA5Szv?format=jpg&name=small', fullUrl='https://pbs.twimg.com/media/FanxlWCUsAA5Szv?format=jpg&name=large')]",JanaVaaniJanaSenaBharosa,"‡∞é‡∞µ‡∞∞‡±ã ‡∞¨‡∞´‡±Ç‡∞®‡±ç ‡∞ó‡∞æ‡∞≥‡±ç‡∞≥‡±Å ‡∞á‡∞ö‡±ç‡∞ö‡±á ‡∞∏‡±Ä‡∞ü‡±ç‡∞≤ ‡∞ï‡±ã‡∞∏‡∞Ç 
‡∞é‡∞¶‡±Å‡∞∞‡±Å ‡∞ö‡±Ç‡∞∏‡±á ‡∞™‡∞∞‡∞ø‡∞∏‡±ç‡∞•‡∞ø‡∞§‡±Å‡∞≤‡±ç‡∞≤‡±ã ‡∞ú‡∞®‡∞∏‡±á‡∞® ‡∞™‡∞æ‡∞∞‡±ç‡∞ü‡±Ä ‡∞≤‡±á‡∞¶‡±Å.‚úäÔ∏è‚úä‚úä‚úä‚úä

#JanaVaaniJanaSenaBharosa https://t.co/i06uT1WYj0","16.5561295,80.7961511"
35,murarimurali97,2022-08-20 16:29:11+00:00,33.0,,16.0,0.0,1.5610275776150446e+18,https://twitter.com/murarimurali97/status/1561027577615044609,Gannavaram,"['JanaSenaParty', 'JanaVaaniJanaSenaBharosa', 'JanasenaRythuBarosaYatra']","[Photo(previewUrl='https://pbs.twimg.com/media/Fangl4IaAAAT5xh?format=jpg&name=small', fullUrl='https://pbs.twimg.com/media/Fangl4IaAAAT5xh?format=jpg&name=large')]",JanaVaaniJanaSenaBharosa,"Eppatƒ±kaƒ±na Caste , Personal Uses , Chudadaam Apesƒ± Oka Educated Personal La Annƒ± Alochƒ±nchƒ± Vote Veyaandƒ± ‚ù§Ô∏èüôèüèª
#JanaSenaParty @PawanKalyan #JanaVaaniJanaSenaBharosa #JanasenaRythuBarosaYatra https://t.co/v68kZbSmHK","16.5561295,80.7961511"
36,rcsureshkumar99,2022-08-20 09:53:39+00:00,5.0,,3.0,0.0,1.5609280381533635e+18,https://twitter.com/rcsureshkumar99/status/1560928038153363456,Gannavaram,['JanaVaaniJanaSenaBharosa'],"[Photo(previewUrl='https://pbs.twimg.com/media/FamHxdUakAAoh6p?format=jpg&name=small', fullUrl='https://pbs.twimg.com/media/FamHxdUakAAoh6p?format=jpg&name=large')]",JanaVaaniJanaSenaBharosa,"‡∞≠‡∞æ‡∞∞‡±Ä ‡∞ó‡∞ú ‡∞Æ‡∞æ‡∞≤‡∞§‡±ã ‡∞ú‡∞®‡∞∏‡±á‡∞®‡∞®‡∞ø ‡∞∏‡±ç‡∞µ‡∞æ‡∞ó‡∞§‡∞Ç ‡∞™‡∞≤‡∞ø‡∞ï‡∞ø‡∞® ‡∞â‡∞Æ‡±ç‡∞Æ‡∞°‡∞ø ‡∞ï‡∞°‡∞™ ‡∞™‡±ç‡∞∞‡∞ú‡∞≤‡±Å
#JanaVaaniJanaSenaBharosa https://t.co/yTmJGI5GLw","16.5561295,80.7961511"
37,abdul_nazeeb8,2022-08-20 07:03:03+00:00,8.0,,5.0,0.0,1.56088510319829e+18,https://twitter.com/abdul_nazeeb8/status/1560885103198289920,Gannavaram,['JanaVaaniJanaSenaBharosa'],"[Video(thumbnailUrl='https://pbs.twimg.com/ext_tw_video_thumb/1560885023854981122/pu/img/GtWQYyRNYmlCjko7.jpg', variants=[VideoVariant(contentType='video/mp4', url='https://video.twimg.com/ext_tw_video/1560885023854981122/pu/vid/490x270/PT2XCrGjCGhcmNZd.mp4?tag=12', bitrate=256000), VideoVariant(contentType='application/x-mpegURL', url='https://video.twimg.com/ext_tw_video/1560885023854981122/pu/pl/xCTRIc1YIg_r7VQK.m3u8?tag=12&container=fmp4', bitrate=None), VideoVariant(contentType='video/mp4', url='https://video.twimg.com/ext_tw_video/1560885023854981122/pu/vid/640x352/CHtfF6JkNUUtAgoI.mp4?tag=12', bitrate=832000)], duration=80.871, views=26)]",JanaVaaniJanaSenaBharosa,"‡∞ú‡∞®‡∞µ‡∞æ‡∞£‡∞ø ‡∞ú‡∞®‡∞∏‡±á‡∞® ‡∞≠‡∞∞‡±ã‡∞∏‡∞æ 4‡∞µ ‡∞µ‡∞ø‡∞°‡∞§
21.08.22‡∞® ‡∞Ü‡∞¶‡∞ø‡∞µ‡∞æ‡∞∞‡∞Ç, ‡∞â‡∞¶‡∞Ø‡∞Ç 10‡∞ó‡∞Ç,,‡∞≤ ‡∞®‡±Å‡∞Ç‡∞°‡∞ø‡∞Æ‡∞ß‡±ç‡∞Ø‡∞æ‡∞π‡±ç‡∞®‡∞Ç 3‡∞ó‡∞Ç,,‡∞≤ ‡∞µ‡∞∞‡∞ï‡±Å ‡∞∏‡∞æ‡∞Æ‡∞æ‡∞®‡±ç‡∞Ø‡±Å‡∞°‡∞ø ‡∞ó‡∞≥‡∞Ç ‡∞µ‡∞ø‡∞®‡∞ø‡∞™‡∞ø‡∞Ç‡∞ö‡±á‡∞≤‡∞æ‚úä

‡∞µ‡±á‡∞¶‡∞ø‡∞ï:-GRR ‡∞ï‡∞®‡±ç‡∞µ‡±Ü‡∞®‡±ç‡∞∑‡∞®‡±ç ‡∞π‡∞æ‡∞≤‡±ç, ‡∞§‡∞ø‡∞∞‡±Å‡∞™‡∞§‡∞ø.
‡∞§‡∞ø‡∞∞‡±Å‡∞™‡∞§‡∞ø-‡∞¨‡±Ü‡∞Ç‡∞ó‡∞≥‡±Ç‡∞∞‡±Å ‡∞π‡±à‡∞µ‡±á, Opp. ‡∞¨‡∞æ‡∞≤‡∞æ‡∞ú‡±Ä ‡∞°‡±à‡∞∞‡±Ä

#JanaVaaniJanaSenaBharosa @JanaSenaParty @JSP4Andhra 
Upcoming AP CM @PawanKalyan üî•üí™ https://t.co/nxVDb28WzJ","16.5561295,80.7961511"
38,SaiDhar58615422,2022-08-20 18:53:23+00:00,2.0,,0.0,0.0,1.5610638681341747e+18,https://twitter.com/SaiDhar58615422/status/1561063868134174720,Srikakulam,['JanaVaaniJanaSenaBharosa'],"[Photo(previewUrl='https://pbs.twimg.com/media/FaoDS4UVsAEKNRv?format=jpg&name=small', fullUrl='https://pbs.twimg.com/media/FaoDS4UVsAEKNRv?format=jpg&name=large')]",JanaVaaniJanaSenaBharosa,"Chief @PawanKalyan reached Tirupati for tomorrow's JanaVaani program ü§çüòç 
#JanaVaaniJanaSenaBharosa https://t.co/tltvbHAJ0v","18.32002205,83.9160772"
39,SaiDhar58615422,2022-08-20 18:53:23+00:00,2.0,,0.0,0.0,1.5610638681341747e+18,https://twitter.com/SaiDhar58615422/status/1561063868134174720,Amadalavalasa,['JanaVaaniJanaSenaBharosa'],"[Photo(previewUrl='https://pbs.twimg.com/media/FaoDS4UVsAEKNRv?format=jpg&name=small', fullUrl='https://pbs.twimg.com/media/FaoDS4UVsAEKNRv?format=jpg&name=large')]",JanaVaaniJanaSenaBharosa,"Chief @PawanKalyan reached Tirupati for tomorrow's JanaVaani program ü§çüòç 
#JanaVaaniJanaSenaBharosa https://t.co/tltvbHAJ0v","18.40097425,83.87434111"
40,SivaSai_JSP,2022-08-20 17:31:22+00:00,0.0,,0.0,0.0,1.561043224474833e+18,https://twitter.com/SivaSai_JSP/status/1561043224474832896,Denduluru,['JanaVaaniJanaSenaBharosa'],"[Photo(previewUrl='https://pbs.twimg.com/media/FanwenWaIAEKGOh?format=jpg&name=small', fullUrl='https://pbs.twimg.com/media/FanwenWaIAEKGOh?format=jpg&name=large'), Photo(previewUrl='https://pbs.twimg.com/media/Fanwg4racAAJnWY?format=jpg&name=small', fullUrl='https://pbs.twimg.com/media/Fanwg4racAAJnWY?format=jpg&name=large'), Photo(previewUrl='https://pbs.twimg.com/media/Fanwh-6acAMVJet?format=jpg&name=small', fullUrl='https://pbs.twimg.com/media/Fanwh-6acAMVJet?format=jpg&name=large')]",JanaVaaniJanaSenaBharosa,"‡∞§‡∞ø‡∞∞‡±Å‡∞™‡∞§‡∞ø‡∞ï‡∞ø ‡∞ö‡±á‡∞∞‡±Å‡∞ï‡±Å‡∞®‡±ç‡∞® ‡∞ú‡∞®‡∞∏‡±á‡∞®‡∞æ‡∞®‡∞ø ‡∞∂‡±ç‡∞∞‡±Ä @PawanKalyan ‡∞ó‡∞æ‡∞∞‡±Å ‚úäÔ∏èüòç
 ‡∞ò‡∞® ‡∞∏‡±ç‡∞µ‡∞æ‡∞ó‡∞§‡∞Ç ‡∞™‡∞≤‡∞ø‡∞ï‡∞ø‡∞® ‡∞µ‡±Ä‡∞∞ ‡∞Æ‡∞π‡∞ø‡∞≥‡∞≤‡±Å ‡∞Æ‡∞∞‡∞ø‡∞Ø‡±Å ‡∞ú‡∞®‡∞∏‡±à‡∞®‡∞ø‡∞ï‡±Å‡∞≤‡±Å ‚úäÔ∏è

#JanaVaaniJanaSenaBharosa
@JanaSenaParty ‚úäÔ∏è https://t.co/DQKYUUz7pr","16.7813691,81.17082874"
41,SivaSai_JSP,2022-08-20 16:58:51+00:00,4.0,,2.0,0.0,1.5610350437612954e+18,https://twitter.com/SivaSai_JSP/status/1561035043761295360,Denduluru,['JanaVaaniJanaSenaBharosa'],"[Photo(previewUrl='https://pbs.twimg.com/media/FanpF2eaIAAQv4-?format=jpg&name=small', fullUrl='https://pbs.twimg.com/media/FanpF2eaIAAQv4-?format=jpg&name=large')]",JanaVaaniJanaSenaBharosa,"‡∞§‡∞ø‡∞∞‡±Å‡∞™‡∞§‡∞ø‡∞≤‡±ã ‡∞ú‡∞®‡∞∏‡±á‡∞®‡∞æ‡∞®‡∞ø @PawanKalyan ‡∞ó‡∞æ‡∞∞‡∞ø‡∞ï‡∞ø ‡∞ò‡∞® ‡∞∏‡±ç‡∞µ‡∞æ‡∞ó‡∞§‡∞Ç ‡∞™‡∞≤‡∞ø‡∞ï‡∞ø‡∞® ‡∞ú‡∞®‡∞∏‡±á‡∞® ‡∞®‡∞æ‡∞Ø‡∞ï‡±Å‡∞≤‡±Å 
#JanaVaaniJanaSenaBharosa https://t.co/eTHFC6TzUb","16.7813691,81.17082874"
42,SaiDhar58615422,2022-08-20 18:53:23+00:00,2.0,,0.0,0.0,1.5610638681341747e+18,https://twitter.com/SaiDhar58615422/status/1561063868134174720,Etcherla,['JanaVaaniJanaSenaBharosa'],"[Photo(previewUrl='https://pbs.twimg.com/media/FaoDS4UVsAEKNRv?format=jpg&name=small', fullUrl='https://pbs.twimg.com/media/FaoDS4UVsAEKNRv?format=jpg&name=large')]",JanaVaaniJanaSenaBharosa,"Chief @PawanKalyan reached Tirupati for tomorrow's JanaVaani program ü§çüòç 
#JanaVaaniJanaSenaBharosa https://t.co/tltvbHAJ0v","18.24265955,83.86497339"
43,SivaSai_JSP,2022-08-20 17:31:22+00:00,0.0,,0.0,0.0,1.561043224474833e+18,https://twitter.com/SivaSai_JSP/status/1561043224474832896,Nuzvid,['JanaVaaniJanaSenaBharosa'],"[Photo(previewUrl='https://pbs.twimg.com/media/FanwenWaIAEKGOh?format=jpg&name=small', fullUrl='https://pbs.twimg.com/media/FanwenWaIAEKGOh?format=jpg&name=large'), Photo(previewUrl='https://pbs.twimg.com/media/Fanwg4racAAJnWY?format=jpg&name=small', fullUrl='https://pbs.twimg.com/media/Fanwg4racAAJnWY?format=jpg&name=large'), Photo(previewUrl='https://pbs.twimg.com/media/Fanwh-6acAMVJet?format=jpg&name=small', fullUrl='https://pbs.twimg.com/media/Fanwh-6acAMVJet?format=jpg&name=large')]",JanaVaaniJanaSenaBharosa,"‡∞§‡∞ø‡∞∞‡±Å‡∞™‡∞§‡∞ø‡∞ï‡∞ø ‡∞ö‡±á‡∞∞‡±Å‡∞ï‡±Å‡∞®‡±ç‡∞® ‡∞ú‡∞®‡∞∏‡±á‡∞®‡∞æ‡∞®‡∞ø ‡∞∂‡±ç‡∞∞‡±Ä @PawanKalyan ‡∞ó‡∞æ‡∞∞‡±Å ‚úäÔ∏èüòç
 ‡∞ò‡∞® ‡∞∏‡±ç‡∞µ‡∞æ‡∞ó‡∞§‡∞Ç ‡∞™‡∞≤‡∞ø‡∞ï‡∞ø‡∞® ‡∞µ‡±Ä‡∞∞ ‡∞Æ‡∞π‡∞ø‡∞≥‡∞≤‡±Å ‡∞Æ‡∞∞‡∞ø‡∞Ø‡±Å ‡∞ú‡∞®‡∞∏‡±à‡∞®‡∞ø‡∞ï‡±Å‡∞≤‡±Å ‚úäÔ∏è

#JanaVaaniJanaSenaBharosa
@JanaSenaParty ‚úäÔ∏è https://t.co/DQKYUUz7pr","16.7907012,80.8476103"
44,SivaSai_JSP,2022-08-20 16:58:51+00:00,4.0,,2.0,0.0,1.5610350437612954e+18,https://twitter.com/SivaSai_JSP/status/1561035043761295360,Nuzvid,['JanaVaaniJanaSenaBharosa'],"[Photo(previewUrl='https://pbs.twimg.com/media/FanpF2eaIAAQv4-?format=jpg&name=small', fullUrl='https://pbs.twimg.com/media/FanpF2eaIAAQv4-?format=jpg&name=large')]",JanaVaaniJanaSenaBharosa,"‡∞§‡∞ø‡∞∞‡±Å‡∞™‡∞§‡∞ø‡∞≤‡±ã ‡∞ú‡∞®‡∞∏‡±á‡∞®‡∞æ‡∞®‡∞ø @PawanKalyan ‡∞ó‡∞æ‡∞∞‡∞ø‡∞ï‡∞ø ‡∞ò‡∞® ‡∞∏‡±ç‡∞µ‡∞æ‡∞ó‡∞§‡∞Ç ‡∞™‡∞≤‡∞ø‡∞ï‡∞ø‡∞® ‡∞ú‡∞®‡∞∏‡±á‡∞® ‡∞®‡∞æ‡∞Ø‡∞ï‡±Å‡∞≤‡±Å 
#JanaVaaniJanaSenaBharosa https://t.co/eTHFC6TzUb","16.7907012,80.8476103"
45,abdul_nazeeb8,2022-08-20 19:26:29+00:00,9.0,,2.0,0.0,1.5610721966293197e+18,https://twitter.com/abdul_nazeeb8/status/1561072196629319680,Gannavaram,['JanaVaaniJanaSenaBharosa'],"[Video(thumbnailUrl='https://pbs.twimg.com/ext_tw_video_thumb/1561072128447107072/pu/img/Cvh9wbtCU0zRrfeQ.jpg', variants=[VideoVariant(contentType='video/mp4', url='https://video.twimg.com/ext_tw_video/1561072128447107072/pu/vid/320x320/XVJ4O48UQlh_meFd.mp4?tag=12', bitrate=432000), VideoVariant(contentType='application/x-mpegURL', url='https://video.twimg.com/ext_tw_video/1561072128447107072/pu/pl/t6mzuJHyw-YTHAgU.m3u8?tag=12&container=fmp4', bitrate=None), VideoVariant(contentType='video/mp4', url='https://video.twimg.com/ext_tw_video/1561072128447107072/pu/vid/720x720/dUGbZNrZURYfEUG8.mp4?tag=12', bitrate=1280000), VideoVariant(contentType='video/mp4', url='https://video.twimg.com/ext_tw_video/1561072128447107072/pu/vid/540x540/yt4JDFMbr2aT1c-d.mp4?tag=12', bitrate=832000)], duration=29.05, views=62)]",JanaVaaniJanaSenaBharosa,"‡∞§‡∞ø‡∞∞‡±Å‡∞™‡∞§‡∞ø‡∞≤‡±ã ‡∞ú‡∞®‡∞∏‡±á‡∞®‡∞®‡∞ø ‡∞ï‡∞ø ‡∞ò‡∞∏‡±ç‡∞µ‡∞æ‡∞ó‡∞§‡∞Ç ‡∞™‡∞≤‡±Å‡∞ï‡±Å‡∞§‡±Ç ‡∞π‡∞æ‡∞∞‡∞§‡∞ø ‡∞á‡∞ö‡±ç‡∞ö‡∞ø‡∞® @JSPVeeraMahila ‡∞≤‡±Å, @JanaSenaParty ‡∞∂‡±ç‡∞∞‡±á‡∞£‡±Å‡∞≤‡±Å..üíêüíêüíê

#JanaVaaniJanaSenaBharosa

@Keerthana_JSP @mekiranroyal
@mnadendla @JSP4Andhra 
Upcoming AP CM @PawanKalyan üî•üí™ https://t.co/3bXdtlKl3i","16.5561295,80.7961511"
46,urs_jafar2,2022-08-20 17:55:48+00:00,8.0,,2.0,0.0,1.561049375341654e+18,https://twitter.com/urs_jafar2/status/1561049375341654016,Gannavaram,"['JanasenaRythuBarosaYatra', 'JanaVaaniJanaSenaBharosa']","[Video(thumbnailUrl='https://pbs.twimg.com/ext_tw_video_thumb/1561048162650927105/pu/img/d58oNjtks74sQjVa.jpg', variants=[VideoVariant(contentType='video/mp4', url='https://video.twimg.com/ext_tw_video/1561048162650927105/pu/vid/800x360/xqZwYr3pNz16rl68.mp4?tag=12', bitrate=832000), VideoVariant(contentType='video/mp4', url='https://video.twimg.com/ext_tw_video/1561048162650927105/pu/vid/600x270/VAnkILzbi9Ikd4Mp.mp4?tag=12', bitrate=256000), VideoVariant(contentType='video/mp4', url='https://video.twimg.com/ext_tw_video/1561048162650927105/pu/vid/1280x576/DdOYzyR90HxS6Jy7.mp4?tag=12', bitrate=2176000), VideoVariant(contentType='application/x-mpegURL', url='https://video.twimg.com/ext_tw_video/1561048162650927105/pu/pl/7Xr6Iq15hvYsxqFu.m3u8?tag=12&container=fmp4', bitrate=None)], duration=58.132, views=47)]",JanaVaaniJanaSenaBharosa,"@KChiruTweets ‡∞ö‡∞ø‡∞∞‡∞Ç‡∞ú‡±Ä‡∞µ‡∞ø ‡∞ó‡∞æ‡∞∞‡∞ø‡∞ï‡∞ø 
@PawanKalyan ‡∞ó‡∞æ‡∞∞‡∞ø‡∞®‡∞ø ‡∞Æ‡∞ø‡∞Ç‡∞ö‡∞ø‡∞® ‡∞Ö‡∞≠‡∞ø‡∞Æ‡∞æ‡∞®‡∞ø
‡∞â‡∞Ç‡∞°‡∞∞‡±á‡∞Æ‡±ç‡∞Æ‡±ã.!üëç‡∞à ‡∞™‡±ç‡∞∞‡∞™‡∞Ç‡∞ö‡∞Ç‡∞≤‡±ã 

‡∞ï‡±ä‡∞Ç‡∞§‡∞Æ‡∞Ç‡∞¶‡∞ø ‡∞∏‡∞®‡±ç‡∞®‡∞æ‡∞∏‡±Å‡∞≤‡∞æ‡∞ï‡∞ø ‡∞à ‡∞µ‡±Ä‡∞°‡∞ø‡∞Ø‡±ã ‡∞Ö‡∞Ç‡∞ï‡∞ø‡∞§‡∞Ç üôèüôèüôèüëá

#JanasenaRythuBarosaYatra
#JanaVaaniJanaSenaBharosa https://t.co/5SkJ6CAJlx","16.5561295,80.7961511"
47,urs_jafar2,2022-08-20 17:35:55+00:00,7.0,,0.0,0.0,1.5610443728623534e+18,https://twitter.com/urs_jafar2/status/1561044372862353408,Gannavaram,['JanaVaaniJanaSenaBharosa'],"[Photo(previewUrl='https://pbs.twimg.com/media/FanxlWCUsAA5Szv?format=jpg&name=small', fullUrl='https://pbs.twimg.com/media/FanxlWCUsAA5Szv?format=jpg&name=large')]",JanaVaaniJanaSenaBharosa,"‡∞é‡∞µ‡∞∞‡±ã ‡∞¨‡∞´‡±Ç‡∞®‡±ç ‡∞ó‡∞æ‡∞≥‡±ç‡∞≥‡±Å ‡∞á‡∞ö‡±ç‡∞ö‡±á ‡∞∏‡±Ä‡∞ü‡±ç‡∞≤ ‡∞ï‡±ã‡∞∏‡∞Ç 
‡∞é‡∞¶‡±Å‡∞∞‡±Å ‡∞ö‡±Ç‡∞∏‡±á ‡∞™‡∞∞‡∞ø‡∞∏‡±ç‡∞•‡∞ø‡∞§‡±Å‡∞≤‡±ç‡∞≤‡±ã ‡∞ú‡∞®‡∞∏‡±á‡∞® ‡∞™‡∞æ‡∞∞‡±ç‡∞ü‡±Ä ‡∞≤‡±á‡∞¶‡±Å.‚úäÔ∏è‚úä‚úä‚úä‚úä

#JanaVaaniJanaSenaBharosa https://t.co/i06uT1WYj0","16.5561295,80.7961511"
48,murarimurali97,2022-08-20 16:29:11+00:00,33.0,,16.0,0.0,1.5610275776150446e+18,https://twitter.com/murarimurali97/status/1561027577615044609,Gannavaram,"['JanaSenaParty', 'JanaVaaniJanaSenaBharosa', 'JanasenaRythuBarosaYatra']","[Photo(previewUrl='https://pbs.twimg.com/media/Fangl4IaAAAT5xh?format=jpg&name=small', fullUrl='https://pbs.twimg.com/media/Fangl4IaAAAT5xh?format=jpg&name=large')]",JanaVaaniJanaSenaBharosa,"Eppatƒ±kaƒ±na Caste , Personal Uses , Chudadaam Apesƒ± Oka Educated Personal La Annƒ± Alochƒ±nchƒ± Vote Veyaandƒ± ‚ù§Ô∏èüôèüèª
#JanaSenaParty @PawanKalyan #JanaVaaniJanaSenaBharosa #JanasenaRythuBarosaYatra https://t.co/v68kZbSmHK","16.5561295,80.7961511"
49,rcsureshkumar99,2022-08-20 09:53:39+00:00,5.0,,3.0,0.0,1.5609280381533635e+18,https://twitter.com/rcsureshkumar99/status/1560928038153363456,Gannavaram,['JanaVaaniJanaSenaBharosa'],"[Photo(previewUrl='https://pbs.twimg.com/media/FamHxdUakAAoh6p?format=jpg&name=small', fullUrl='https://pbs.twimg.com/media/FamHxdUakAAoh6p?format=jpg&name=large')]",JanaVaaniJanaSenaBharosa,"‡∞≠‡∞æ‡∞∞‡±Ä ‡∞ó‡∞ú ‡∞Æ‡∞æ‡∞≤‡∞§‡±ã ‡∞ú‡∞®‡∞∏‡±á‡∞®‡∞®‡∞ø ‡∞∏‡±ç‡∞µ‡∞æ‡∞ó‡∞§‡∞Ç ‡∞™‡∞≤‡∞ø‡∞ï‡∞ø‡∞® ‡∞â‡∞Æ‡±ç‡∞Æ‡∞°‡∞ø ‡∞ï‡∞°‡∞™ ‡∞™‡±ç‡∞∞‡∞ú‡∞≤‡±Å
#JanaVaaniJanaSenaBharosa https://t.co/yTmJGI5GLw","16.5561295,80.7961511"
50,abdul_nazeeb8,2022-08-20 07:03:03+00:00,8.0,,5.0,0.0,1.56088510319829e+18,https://twitter.com/abdul_nazeeb8/status/1560885103198289920,Gannavaram,['JanaVaaniJanaSenaBharosa'],"[Video(thumbnailUrl='https://pbs.twimg.com/ext_tw_video_thumb/1560885023854981122/pu/img/GtWQYyRNYmlCjko7.jpg', variants=[VideoVariant(contentType='video/mp4', url='https://video.twimg.com/ext_tw_video/1560885023854981122/pu/vid/490x270/PT2XCrGjCGhcmNZd.mp4?tag=12', bitrate=256000), VideoVariant(contentType='application/x-mpegURL', url='https://video.twimg.com/ext_tw_video/1560885023854981122/pu/pl/xCTRIc1YIg_r7VQK.m3u8?tag=12&container=fmp4', bitrate=None), VideoVariant(contentType='video/mp4', url='https://video.twimg.com/ext_tw_video/1560885023854981122/pu/vid/640x352/CHtfF6JkNUUtAgoI.mp4?tag=12', bitrate=832000)], duration=80.871, views=26)]",JanaVaaniJanaSenaBharosa,"‡∞ú‡∞®‡∞µ‡∞æ‡∞£‡∞ø ‡∞ú‡∞®‡∞∏‡±á‡∞® ‡∞≠‡∞∞‡±ã‡∞∏‡∞æ 4‡∞µ ‡∞µ‡∞ø‡∞°‡∞§
21.08.22‡∞® ‡∞Ü‡∞¶‡∞ø‡∞µ‡∞æ‡∞∞‡∞Ç, ‡∞â‡∞¶‡∞Ø‡∞Ç 10‡∞ó‡∞Ç,,‡∞≤ ‡∞®‡±Å‡∞Ç‡∞°‡∞ø‡∞Æ‡∞ß‡±ç‡∞Ø‡∞æ‡∞π‡±ç‡∞®‡∞Ç 3‡∞ó‡∞Ç,,‡∞≤ ‡∞µ‡∞∞‡∞ï‡±Å ‡∞∏‡∞æ‡∞Æ‡∞æ‡∞®‡±ç‡∞Ø‡±Å‡∞°‡∞ø ‡∞ó‡∞≥‡∞Ç ‡∞µ‡∞ø‡∞®‡∞ø‡∞™‡∞ø‡∞Ç‡∞ö‡±á‡∞≤‡∞æ‚úä

‡∞µ‡±á‡∞¶‡∞ø‡∞ï:-GRR ‡∞ï‡∞®‡±ç‡∞µ‡±Ü‡∞®‡±ç‡∞∑‡∞®‡±ç ‡∞π‡∞æ‡∞≤‡±ç, ‡∞§‡∞ø‡∞∞‡±Å‡∞™‡∞§‡∞ø.
‡∞§‡∞ø‡∞∞‡±Å‡∞™‡∞§‡∞ø-‡∞¨‡±Ü‡∞Ç‡∞ó‡∞≥‡±Ç‡∞∞‡±Å ‡∞π‡±à‡∞µ‡±á, Opp. ‡∞¨‡∞æ‡∞≤‡∞æ‡∞ú‡±Ä ‡∞°‡±à‡∞∞‡±Ä

#JanaVaaniJanaSenaBharosa @JanaSenaParty @JSP4Andhra 
Upcoming AP CM @PawanKalyan üî•üí™ https://t.co/nxVDb28WzJ","16.5561295,80.7961511"
51,BSB_PSPK,2022-08-20 16:25:39+00:00,16.0,,6.0,1.0,1.5610266878060585e+18,https://twitter.com/BSB_PSPK/status/1561026687806058497,Gudivada,"['JanaSenaParty', 'JanaVaaniJanaSenaBharosa', 'Janasenani']","[Video(thumbnailUrl='https://pbs.twimg.com/ext_tw_video_thumb/1561026614875815936/pu/img/a2DsSlbNkMGWKEyb.jpg', variants=[VideoVariant(contentType='video/mp4', url='https://video.twimg.com/ext_tw_video/1561026614875815936/pu/vid/480x360/vLFHMVvmWP-obIQQ.mp4?tag=12', bitrate=832000), VideoVariant(contentType='video/mp4', url='https://video.twimg.com/ext_tw_video/1561026614875815936/pu/vid/360x270/nK8P7ORLvBwyxAyh.mp4?tag=12', bitrate=256000), VideoVariant(contentType='video/mp4', url='https://video.twimg.com/ext_tw_video/1561026614875815936/pu/vid/960x720/aZbpXFy8ggoqfKg3.mp4?tag=12', bitrate=2176000), VideoVariant(contentType='application/x-mpegURL', url='https://video.twimg.com/ext_tw_video/1561026614875815936/pu/pl/Kpxm0Vb6kA4MDzQh.m3u8?tag=12&container=fmp4', bitrate=None)], duration=32.015, views=35)]",JanaVaaniJanaSenaBharosa,"His simpleness astounding me always üòçüòò
@PawanKalyan 
#JanaSenaParty #JanaVaaniJanaSenaBharosa #Janasenani https://t.co/aebYCGF9rP","16.4329976,80.9937151"
52,BSB_PSPK,2022-08-20 16:25:39+00:00,16.0,,6.0,1.0,1.5610266878060585e+18,https://twitter.com/BSB_PSPK/status/1561026687806058497,Pedana,"['JanaSenaParty', 'JanaVaaniJanaSenaBharosa', 'Janasenani']","[Video(thumbnailUrl='https://pbs.twimg.com/ext_tw_video_thumb/1561026614875815936/pu/img/a2DsSlbNkMGWKEyb.jpg', variants=[VideoVariant(contentType='video/mp4', url='https://video.twimg.com/ext_tw_video/1561026614875815936/pu/vid/480x360/vLFHMVvmWP-obIQQ.mp4?tag=12', bitrate=832000), VideoVariant(contentType='video/mp4', url='https://video.twimg.com/ext_tw_video/1561026614875815936/pu/vid/360x270/nK8P7ORLvBwyxAyh.mp4?tag=12', bitrate=256000), VideoVariant(contentType='video/mp4', url='https://video.twimg.com/ext_tw_video/1561026614875815936/pu/vid/960x720/aZbpXFy8ggoqfKg3.mp4?tag=12', bitrate=2176000), VideoVariant(contentType='application/x-mpegURL', url='https://video.twimg.com/ext_tw_video/1561026614875815936/pu/pl/Kpxm0Vb6kA4MDzQh.m3u8?tag=12&container=fmp4', bitrate=None)], duration=32.015, views=35)]",JanaVaaniJanaSenaBharosa,"His simpleness astounding me always üòçüòò
@PawanKalyan 
#JanaSenaParty #JanaVaaniJanaSenaBharosa #Janasenani https://t.co/aebYCGF9rP","16.3262513,81.15164379"
53,BSB_PSPK,2022-08-20 16:25:39+00:00,16.0,,6.0,1.0,1.5610266878060585e+18,https://twitter.com/BSB_PSPK/status/1561026687806058497,Pamarru,"['JanaSenaParty', 'JanaVaaniJanaSenaBharosa', 'Janasenani']","[Video(thumbnailUrl='https://pbs.twimg.com/ext_tw_video_thumb/1561026614875815936/pu/img/a2DsSlbNkMGWKEyb.jpg', variants=[VideoVariant(contentType='video/mp4', url='https://video.twimg.com/ext_tw_video/1561026614875815936/pu/vid/480x360/vLFHMVvmWP-obIQQ.mp4?tag=12', bitrate=832000), VideoVariant(contentType='video/mp4', url='https://video.twimg.com/ext_tw_video/1561026614875815936/pu/vid/360x270/nK8P7ORLvBwyxAyh.mp4?tag=12', bitrate=256000), VideoVariant(contentType='video/mp4', url='https://video.twimg.com/ext_tw_video/1561026614875815936/pu/vid/960x720/aZbpXFy8ggoqfKg3.mp4?tag=12', bitrate=2176000), VideoVariant(contentType='application/x-mpegURL', url='https://video.twimg.com/ext_tw_video/1561026614875815936/pu/pl/Kpxm0Vb6kA4MDzQh.m3u8?tag=12&container=fmp4', bitrate=None)], duration=32.015, views=35)]",JanaVaaniJanaSenaBharosa,"His simpleness astounding me always üòçüòò
@PawanKalyan 
#JanaSenaParty #JanaVaaniJanaSenaBharosa #Janasenani https://t.co/aebYCGF9rP","16.32215195,80.96993241"
54,abdul_nazeeb8,2022-08-20 19:26:29+00:00,9.0,,2.0,0.0,1.5610721966293197e+18,https://twitter.com/abdul_nazeeb8/status/1561072196629319680,Penamaluru,['JanaVaaniJanaSenaBharosa'],"[Video(thumbnailUrl='https://pbs.twimg.com/ext_tw_video_thumb/1561072128447107072/pu/img/Cvh9wbtCU0zRrfeQ.jpg', variants=[VideoVariant(contentType='video/mp4', url='https://video.twimg.com/ext_tw_video/1561072128447107072/pu/vid/320x320/XVJ4O48UQlh_meFd.mp4?tag=12', bitrate=432000), VideoVariant(contentType='application/x-mpegURL', url='https://video.twimg.com/ext_tw_video/1561072128447107072/pu/pl/t6mzuJHyw-YTHAgU.m3u8?tag=12&container=fmp4', bitrate=None), VideoVariant(contentType='video/mp4', url='https://video.twimg.com/ext_tw_video/1561072128447107072/pu/vid/720x720/dUGbZNrZURYfEUG8.mp4?tag=12', bitrate=1280000), VideoVariant(contentType='video/mp4', url='https://video.twimg.com/ext_tw_video/1561072128447107072/pu/vid/540x540/yt4JDFMbr2aT1c-d.mp4?tag=12', bitrate=832000)], duration=29.05, views=62)]",JanaVaaniJanaSenaBharosa,"‡∞§‡∞ø‡∞∞‡±Å‡∞™‡∞§‡∞ø‡∞≤‡±ã ‡∞ú‡∞®‡∞∏‡±á‡∞®‡∞®‡∞ø ‡∞ï‡∞ø ‡∞ò‡∞∏‡±ç‡∞µ‡∞æ‡∞ó‡∞§‡∞Ç ‡∞™‡∞≤‡±Å‡∞ï‡±Å‡∞§‡±Ç ‡∞π‡∞æ‡∞∞‡∞§‡∞ø ‡∞á‡∞ö‡±ç‡∞ö‡∞ø‡∞® @JSPVeeraMahila ‡∞≤‡±Å, @JanaSenaParty ‡∞∂‡±ç‡∞∞‡±á‡∞£‡±Å‡∞≤‡±Å..üíêüíêüíê

#JanaVaaniJanaSenaBharosa

@Keerthana_JSP @mekiranroyal
@mnadendla @JSP4Andhra 
Upcoming AP CM @PawanKalyan üî•üí™ https://t.co/3bXdtlKl3i","16.48013405,80.69708069"
55,urs_jafar2,2022-08-20 17:55:48+00:00,8.0,,2.0,0.0,1.561049375341654e+18,https://twitter.com/urs_jafar2/status/1561049375341654016,Penamaluru,"['JanasenaRythuBarosaYatra', 'JanaVaaniJanaSenaBharosa']","[Video(thumbnailUrl='https://pbs.twimg.com/ext_tw_video_thumb/1561048162650927105/pu/img/d58oNjtks74sQjVa.jpg', variants=[VideoVariant(contentType='video/mp4', url='https://video.twimg.com/ext_tw_video/1561048162650927105/pu/vid/800x360/xqZwYr3pNz16rl68.mp4?tag=12', bitrate=832000), VideoVariant(contentType='video/mp4', url='https://video.twimg.com/ext_tw_video/1561048162650927105/pu/vid/600x270/VAnkILzbi9Ikd4Mp.mp4?tag=12', bitrate=256000), VideoVariant(contentType='video/mp4', url='https://video.twimg.com/ext_tw_video/1561048162650927105/pu/vid/1280x576/DdOYzyR90HxS6Jy7.mp4?tag=12', bitrate=2176000), VideoVariant(contentType='application/x-mpegURL', url='https://video.twimg.com/ext_tw_video/1561048162650927105/pu/pl/7Xr6Iq15hvYsxqFu.m3u8?tag=12&container=fmp4', bitrate=None)], duration=58.132, views=47)]",JanaVaaniJanaSenaBharosa,"@KChiruTweets ‡∞ö‡∞ø‡∞∞‡∞Ç‡∞ú‡±Ä‡∞µ‡∞ø ‡∞ó‡∞æ‡∞∞‡∞ø‡∞ï‡∞ø 
@PawanKalyan ‡∞ó‡∞æ‡∞∞‡∞ø‡∞®‡∞ø ‡∞Æ‡∞ø‡∞Ç‡∞ö‡∞ø‡∞® ‡∞Ö‡∞≠‡∞ø‡∞Æ‡∞æ‡∞®‡∞ø
‡∞â‡∞Ç‡∞°‡∞∞‡±á‡∞Æ‡±ç‡∞Æ‡±ã.!üëç‡∞à ‡∞™‡±ç‡∞∞‡∞™‡∞Ç‡∞ö‡∞Ç‡∞≤‡±ã 

‡∞ï‡±ä‡∞Ç‡∞§‡∞Æ‡∞Ç‡∞¶‡∞ø ‡∞∏‡∞®‡±ç‡∞®‡∞æ‡∞∏‡±Å‡∞≤‡∞æ‡∞ï‡∞ø ‡∞à ‡∞µ‡±Ä‡∞°‡∞ø‡∞Ø‡±ã ‡∞Ö‡∞Ç‡∞ï‡∞ø‡∞§‡∞Ç üôèüôèüôèüëá

#JanasenaRythuBarosaYatra
#JanaVaaniJanaSenaBharosa https://t.co/5SkJ6CAJlx","16.48013405,80.69708069"
56,urs_jafar2,2022-08-20 17:35:55+00:00,7.0,,0.0,0.0,1.5610443728623534e+18,https://twitter.com/urs_jafar2/status/1561044372862353408,Penamaluru,['JanaVaaniJanaSenaBharosa'],"[Photo(previewUrl='https://pbs.twimg.com/media/FanxlWCUsAA5Szv?format=jpg&name=small', fullUrl='https://pbs.twimg.com/media/FanxlWCUsAA5Szv?format=jpg&name=large')]",JanaVaaniJanaSenaBharosa,"‡∞é‡∞µ‡∞∞‡±ã ‡∞¨‡∞´‡±Ç‡∞®‡±ç ‡∞ó‡∞æ‡∞≥‡±ç‡∞≥‡±Å ‡∞á‡∞ö‡±ç‡∞ö‡±á ‡∞∏‡±Ä‡∞ü‡±ç‡∞≤ ‡∞ï‡±ã‡∞∏‡∞Ç 
‡∞é‡∞¶‡±Å‡∞∞‡±Å ‡∞ö‡±Ç‡∞∏‡±á ‡∞™‡∞∞‡∞ø‡∞∏‡±ç‡∞•‡∞ø‡∞§‡±Å‡∞≤‡±ç‡∞≤‡±ã ‡∞ú‡∞®‡∞∏‡±á‡∞® ‡∞™‡∞æ‡∞∞‡±ç‡∞ü‡±Ä ‡∞≤‡±á‡∞¶‡±Å.‚úäÔ∏è‚úä‚úä‚úä‚úä

#JanaVaaniJanaSenaBharosa https://t.co/i06uT1WYj0","16.48013405,80.69708069"
57,murarimurali97,2022-08-20 16:29:11+00:00,33.0,,16.0,0.0,1.5610275776150446e+18,https://twitter.com/murarimurali97/status/1561027577615044609,Penamaluru,"['JanaSenaParty', 'JanaVaaniJanaSenaBharosa', 'JanasenaRythuBarosaYatra']","[Photo(previewUrl='https://pbs.twimg.com/media/Fangl4IaAAAT5xh?format=jpg&name=small', fullUrl='https://pbs.twimg.com/media/Fangl4IaAAAT5xh?format=jpg&name=large')]",JanaVaaniJanaSenaBharosa,"Eppatƒ±kaƒ±na Caste , Personal Uses , Chudadaam Apesƒ± Oka Educated Personal La Annƒ± Alochƒ±nchƒ± Vote Veyaandƒ± ‚ù§Ô∏èüôèüèª
#JanaSenaParty @PawanKalyan #JanaVaaniJanaSenaBharosa #JanasenaRythuBarosaYatra https://t.co/v68kZbSmHK","16.48013405,80.69708069"
58,rcsureshkumar99,2022-08-20 09:53:39+00:00,5.0,,3.0,0.0,1.5609280381533635e+18,https://twitter.com/rcsureshkumar99/status/1560928038153363456,Penamaluru,['JanaVaaniJanaSenaBharosa'],"[Photo(previewUrl='https://pbs.twimg.com/media/FamHxdUakAAoh6p?format=jpg&name=small', fullUrl='https://pbs.twimg.com/media/FamHxdUakAAoh6p?format=jpg&name=large')]",JanaVaaniJanaSenaBharosa,"‡∞≠‡∞æ‡∞∞‡±Ä ‡∞ó‡∞ú ‡∞Æ‡∞æ‡∞≤‡∞§‡±ã ‡∞ú‡∞®‡∞∏‡±á‡∞®‡∞®‡∞ø ‡∞∏‡±ç‡∞µ‡∞æ‡∞ó‡∞§‡∞Ç ‡∞™‡∞≤‡∞ø‡∞ï‡∞ø‡∞® ‡∞â‡∞Æ‡±ç‡∞Æ‡∞°‡∞ø ‡∞ï‡∞°‡∞™ ‡∞™‡±ç‡∞∞‡∞ú‡∞≤‡±Å
#JanaVaaniJanaSenaBharosa https://t.co/yTmJGI5GLw","16.48013405,80.69708069"
59,abdul_nazeeb8,2022-08-20 07:03:03+00:00,8.0,,5.0,0.0,1.56088510319829e+18,https://twitter.com/abdul_nazeeb8/status/1560885103198289920,Penamaluru,['JanaVaaniJanaSenaBharosa'],"[Video(thumbnailUrl='https://pbs.twimg.com/ext_tw_video_thumb/1560885023854981122/pu/img/GtWQYyRNYmlCjko7.jpg', variants=[VideoVariant(contentType='video/mp4', url='https://video.twimg.com/ext_tw_video/1560885023854981122/pu/vid/490x270/PT2XCrGjCGhcmNZd.mp4?tag=12', bitrate=256000), VideoVariant(contentType='application/x-mpegURL', url='https://video.twimg.com/ext_tw_video/1560885023854981122/pu/pl/xCTRIc1YIg_r7VQK.m3u8?tag=12&container=fmp4', bitrate=None), VideoVariant(contentType='video/mp4', url='https://video.twimg.com/ext_tw_video/1560885023854981122/pu/vid/640x352/CHtfF6JkNUUtAgoI.mp4?tag=12', bitrate=832000)], duration=80.871, views=26)]",JanaVaaniJanaSenaBharosa,"‡∞ú‡∞®‡∞µ‡∞æ‡∞£‡∞ø ‡∞ú‡∞®‡∞∏‡±á‡∞® ‡∞≠‡∞∞‡±ã‡∞∏‡∞æ 4‡∞µ ‡∞µ‡∞ø‡∞°‡∞§
21.08.22‡∞® ‡∞Ü‡∞¶‡∞ø‡∞µ‡∞æ‡∞∞‡∞Ç, ‡∞â‡∞¶‡∞Ø‡∞Ç 10‡∞ó‡∞Ç,,‡∞≤ ‡∞®‡±Å‡∞Ç‡∞°‡∞ø‡∞Æ‡∞ß‡±ç‡∞Ø‡∞æ‡∞π‡±ç‡∞®‡∞Ç 3‡∞ó‡∞Ç,,‡∞≤ ‡∞µ‡∞∞‡∞ï‡±Å ‡∞∏‡∞æ‡∞Æ‡∞æ‡∞®‡±ç‡∞Ø‡±Å‡∞°‡∞ø ‡∞ó‡∞≥‡∞Ç ‡∞µ‡∞ø‡∞®‡∞ø‡∞™‡∞ø‡∞Ç‡∞ö‡±á‡∞≤‡∞æ‚úä

‡∞µ‡±á‡∞¶‡∞ø‡∞ï:-GRR ‡∞ï‡∞®‡±ç‡∞µ‡±Ü‡∞®‡±ç‡∞∑‡∞®‡±ç ‡∞π‡∞æ‡∞≤‡±ç, ‡∞§‡∞ø‡∞∞‡±Å‡∞™‡∞§‡∞ø.
‡∞§‡∞ø‡∞∞‡±Å‡∞™‡∞§‡∞ø-‡∞¨‡±Ü‡∞Ç‡∞ó‡∞≥‡±Ç‡∞∞‡±Å ‡∞π‡±à‡∞µ‡±á, Opp. ‡∞¨‡∞æ‡∞≤‡∞æ‡∞ú‡±Ä ‡∞°‡±à‡∞∞‡±Ä

#JanaVaaniJanaSenaBharosa @JanaSenaParty @JSP4Andhra 
Upcoming AP CM @PawanKalyan üî•üí™ https://t.co/nxVDb28WzJ","16.48013405,80.69708069"
60,abdul_nazeeb8,2022-08-20 19:26:29+00:00,9.0,,2.0,0.0,1.5610721966293197e+18,https://twitter.com/abdul_nazeeb8/status/1561072196629319680,Vijaywada West,['JanaVaaniJanaSenaBharosa'],"[Video(thumbnailUrl='https://pbs.twimg.com/ext_tw_video_thumb/1561072128447107072/pu/img/Cvh9wbtCU0zRrfeQ.jpg', variants=[VideoVariant(contentType='video/mp4', url='https://video.twimg.com/ext_tw_video/1561072128447107072/pu/vid/320x320/XVJ4O48UQlh_meFd.mp4?tag=12', bitrate=432000), VideoVariant(contentType='application/x-mpegURL', url='https://video.twimg.com/ext_tw_video/1561072128447107072/pu/pl/t6mzuJHyw-YTHAgU.m3u8?tag=12&container=fmp4', bitrate=None), VideoVariant(contentType='video/mp4', url='https://video.twimg.com/ext_tw_video/1561072128447107072/pu/vid/720x720/dUGbZNrZURYfEUG8.mp4?tag=12', bitrate=1280000), VideoVariant(contentType='video/mp4', url='https://video.twimg.com/ext_tw_video/1561072128447107072/pu/vid/540x540/yt4JDFMbr2aT1c-d.mp4?tag=12', bitrate=832000)], duration=29.05, views=62)]",JanaVaaniJanaSenaBharosa,"‡∞§‡∞ø‡∞∞‡±Å‡∞™‡∞§‡∞ø‡∞≤‡±ã ‡∞ú‡∞®‡∞∏‡±á‡∞®‡∞®‡∞ø ‡∞ï‡∞ø ‡∞ò‡∞∏‡±ç‡∞µ‡∞æ‡∞ó‡∞§‡∞Ç ‡∞™‡∞≤‡±Å‡∞ï‡±Å‡∞§‡±Ç ‡∞π‡∞æ‡∞∞‡∞§‡∞ø ‡∞á‡∞ö‡±ç‡∞ö‡∞ø‡∞® @JSPVeeraMahila ‡∞≤‡±Å, @JanaSenaParty ‡∞∂‡±ç‡∞∞‡±á‡∞£‡±Å‡∞≤‡±Å..üíêüíêüíê

#JanaVaaniJanaSenaBharosa

@Keerthana_JSP @mekiranroyal
@mnadendla @JSP4Andhra 
Upcoming AP CM @PawanKalyan üî•üí™ https://t.co/3bXdtlKl3i","16.627827,80.674039"
61,urs_jafar2,2022-08-20 17:55:48+00:00,8.0,,2.0,0.0,1.561049375341654e+18,https://twitter.com/urs_jafar2/status/1561049375341654016,Vijaywada West,"['JanasenaRythuBarosaYatra', 'JanaVaaniJanaSenaBharosa']","[Video(thumbnailUrl='https://pbs.twimg.com/ext_tw_video_thumb/1561048162650927105/pu/img/d58oNjtks74sQjVa.jpg', variants=[VideoVariant(contentType='video/mp4', url='https://video.twimg.com/ext_tw_video/1561048162650927105/pu/vid/800x360/xqZwYr3pNz16rl68.mp4?tag=12', bitrate=832000), VideoVariant(contentType='video/mp4', url='https://video.twimg.com/ext_tw_video/1561048162650927105/pu/vid/600x270/VAnkILzbi9Ikd4Mp.mp4?tag=12', bitrate=256000), VideoVariant(contentType='video/mp4', url='https://video.twimg.com/ext_tw_video/1561048162650927105/pu/vid/1280x576/DdOYzyR90HxS6Jy7.mp4?tag=12', bitrate=2176000), VideoVariant(contentType='application/x-mpegURL', url='https://video.twimg.com/ext_tw_video/1561048162650927105/pu/pl/7Xr6Iq15hvYsxqFu.m3u8?tag=12&container=fmp4', bitrate=None)], duration=58.132, views=47)]",JanaVaaniJanaSenaBharosa,"@KChiruTweets ‡∞ö‡∞ø‡∞∞‡∞Ç‡∞ú‡±Ä‡∞µ‡∞ø ‡∞ó‡∞æ‡∞∞‡∞ø‡∞ï‡∞ø 
@PawanKalyan ‡∞ó‡∞æ‡∞∞‡∞ø‡∞®‡∞ø ‡∞Æ‡∞ø‡∞Ç‡∞ö‡∞ø‡∞® ‡∞Ö‡∞≠‡∞ø‡∞Æ‡∞æ‡∞®‡∞ø
‡∞â‡∞Ç‡∞°‡∞∞‡±á‡∞Æ‡±ç‡∞Æ‡±ã.!üëç‡∞à ‡∞™‡±ç‡∞∞‡∞™‡∞Ç‡∞ö‡∞Ç‡∞≤‡±ã 

‡∞ï‡±ä‡∞Ç‡∞§‡∞Æ‡∞Ç‡∞¶‡∞ø ‡∞∏‡∞®‡±ç‡∞®‡∞æ‡∞∏‡±Å‡∞≤‡∞æ‡∞ï‡∞ø ‡∞à ‡∞µ‡±Ä‡∞°‡∞ø‡∞Ø‡±ã ‡∞Ö‡∞Ç‡∞ï‡∞ø‡∞§‡∞Ç üôèüôèüôèüëá

#JanasenaRythuBarosaYatra
#JanaVaaniJanaSenaBharosa https://t.co/5SkJ6CAJlx","16.627827,80.674039"
62,urs_jafar2,2022-08-20 17:35:55+00:00,7.0,,0.0,0.0,1.5610443728623534e+18,https://twitter.com/urs_jafar2/status/1561044372862353408,Vijaywada West,['JanaVaaniJanaSenaBharosa'],"[Photo(previewUrl='https://pbs.twimg.com/media/FanxlWCUsAA5Szv?format=jpg&name=small', fullUrl='https://pbs.twimg.com/media/FanxlWCUsAA5Szv?format=jpg&name=large')]",JanaVaaniJanaSenaBharosa,"‡∞é‡∞µ‡∞∞‡±ã ‡∞¨‡∞´‡±Ç‡∞®‡±ç ‡∞ó‡∞æ‡∞≥‡±ç‡∞≥‡±Å ‡∞á‡∞ö‡±ç‡∞ö‡±á ‡∞∏‡±Ä‡∞ü‡±ç‡∞≤ ‡∞ï‡±ã‡∞∏‡∞Ç 
‡∞é‡∞¶‡±Å‡∞∞‡±Å ‡∞ö‡±Ç‡∞∏‡±á ‡∞™‡∞∞‡∞ø‡∞∏‡±ç‡∞•‡∞ø‡∞§‡±Å‡∞≤‡±ç‡∞≤‡±ã ‡∞ú‡∞®‡∞∏‡±á‡∞® ‡∞™‡∞æ‡∞∞‡±ç‡∞ü‡±Ä ‡∞≤‡±á‡∞¶‡±Å.‚úäÔ∏è‚úä‚úä‚úä‚úä

#JanaVaaniJanaSenaBharosa https://t.co/i06uT1WYj0","16.627827,80.674039"
63,murarimurali97,2022-08-20 16:29:11+00:00,33.0,,16.0,0.0,1.5610275776150446e+18,https://twitter.com/murarimurali97/status/1561027577615044609,Vijaywada West,"['JanaSenaParty', 'JanaVaaniJanaSenaBharosa', 'JanasenaRythuBarosaYatra']","[Photo(previewUrl='https://pbs.twimg.com/media/Fangl4IaAAAT5xh?format=jpg&name=small', fullUrl='https://pbs.twimg.com/media/Fangl4IaAAAT5xh?format=jpg&name=large')]",JanaVaaniJanaSenaBharosa,"Eppatƒ±kaƒ±na Caste , Personal Uses , Chudadaam Apesƒ± Oka Educated Personal La Annƒ± Alochƒ±nchƒ± Vote Veyaandƒ± ‚ù§Ô∏èüôèüèª
#JanaSenaParty @PawanKalyan #JanaVaaniJanaSenaBharosa #JanasenaRythuBarosaYatra https://t.co/v68kZbSmHK","16.627827,80.674039"
64,rcsureshkumar99,2022-08-20 09:53:39+00:00,5.0,,3.0,0.0,1.5609280381533635e+18,https://twitter.com/rcsureshkumar99/status/1560928038153363456,Vijaywada West,['JanaVaaniJanaSenaBharosa'],"[Photo(previewUrl='https://pbs.twimg.com/media/FamHxdUakAAoh6p?format=jpg&name=small', fullUrl='https://pbs.twimg.com/media/FamHxdUakAAoh6p?format=jpg&name=large')]",JanaVaaniJanaSenaBharosa,"‡∞≠‡∞æ‡∞∞‡±Ä ‡∞ó‡∞ú ‡∞Æ‡∞æ‡∞≤‡∞§‡±ã ‡∞ú‡∞®‡∞∏‡±á‡∞®‡∞®‡∞ø ‡∞∏‡±ç‡∞µ‡∞æ‡∞ó‡∞§‡∞Ç ‡∞™‡∞≤‡∞ø‡∞ï‡∞ø‡∞® ‡∞â‡∞Æ‡±ç‡∞Æ‡∞°‡∞ø ‡∞ï‡∞°‡∞™ ‡∞™‡±ç‡∞∞‡∞ú‡∞≤‡±Å
#JanaVaaniJanaSenaBharosa https://t.co/yTmJGI5GLw","16.627827,80.674039"
65,abdul_nazeeb8,2022-08-20 07:03:03+00:00,8.0,,5.0,0.0,1.56088510319829e+18,https://twitter.com/abdul_nazeeb8/status/1560885103198289920,Vijaywada West,['JanaVaaniJanaSenaBharosa'],"[Video(thumbnailUrl='https://pbs.twimg.com/ext_tw_video_thumb/1560885023854981122/pu/img/GtWQYyRNYmlCjko7.jpg', variants=[VideoVariant(contentType='video/mp4', url='https://video.twimg.com/ext_tw_video/1560885023854981122/pu/vid/490x270/PT2XCrGjCGhcmNZd.mp4?tag=12', bitrate=256000), VideoVariant(contentType='application/x-mpegURL', url='https://video.twimg.com/ext_tw_video/1560885023854981122/pu/pl/xCTRIc1YIg_r7VQK.m3u8?tag=12&container=fmp4', bitrate=None), VideoVariant(contentType='video/mp4', url='https://video.twimg.com/ext_tw_video/1560885023854981122/pu/vid/640x352/CHtfF6JkNUUtAgoI.mp4?tag=12', bitrate=832000)], duration=80.871, views=26)]",JanaVaaniJanaSenaBharosa,"‡∞ú‡∞®‡∞µ‡∞æ‡∞£‡∞ø ‡∞ú‡∞®‡∞∏‡±á‡∞® ‡∞≠‡∞∞‡±ã‡∞∏‡∞æ 4‡∞µ ‡∞µ‡∞ø‡∞°‡∞§
21.08.22‡∞® ‡∞Ü‡∞¶‡∞ø‡∞µ‡∞æ‡∞∞‡∞Ç, ‡∞â‡∞¶‡∞Ø‡∞Ç 10‡∞ó‡∞Ç,,‡∞≤ ‡∞®‡±Å‡∞Ç‡∞°‡∞ø‡∞Æ‡∞ß‡±ç‡∞Ø‡∞æ‡∞π‡±ç‡∞®‡∞Ç 3‡∞ó‡∞Ç,,‡∞≤ ‡∞µ‡∞∞‡∞ï‡±Å ‡∞∏‡∞æ‡∞Æ‡∞æ‡∞®‡±ç‡∞Ø‡±Å‡∞°‡∞ø ‡∞ó‡∞≥‡∞Ç ‡∞µ‡∞ø‡∞®‡∞ø‡∞™‡∞ø‡∞Ç‡∞ö‡±á‡∞≤‡∞æ‚úä

‡∞µ‡±á‡∞¶‡∞ø‡∞ï:-GRR ‡∞ï‡∞®‡±ç‡∞µ‡±Ü‡∞®‡±ç‡∞∑‡∞®‡±ç ‡∞π‡∞æ‡∞≤‡±ç, ‡∞§‡∞ø‡∞∞‡±Å‡∞™‡∞§‡∞ø.
‡∞§‡∞ø‡∞∞‡±Å‡∞™‡∞§‡∞ø-‡∞¨‡±Ü‡∞Ç‡∞ó‡∞≥‡±Ç‡∞∞‡±Å ‡∞π‡±à‡∞µ‡±á, Opp. ‡∞¨‡∞æ‡∞≤‡∞æ‡∞ú‡±Ä ‡∞°‡±à‡∞∞‡±Ä

#JanaVaaniJanaSenaBharosa @JanaSenaParty @JSP4Andhra 
Upcoming AP CM @PawanKalyan üî•üí™ https://t.co/nxVDb28WzJ","16.627827,80.674039"
66,SaiDhar58615422,2022-08-20 18:53:23+00:00,2.0,,0.0,0.0,1.5610638681341747e+18,https://twitter.com/SaiDhar58615422/status/1561063868134174720,Narasannapeta,['JanaVaaniJanaSenaBharosa'],"[Photo(previewUrl='https://pbs.twimg.com/media/FaoDS4UVsAEKNRv?format=jpg&name=small', fullUrl='https://pbs.twimg.com/media/FaoDS4UVsAEKNRv?format=jpg&name=large')]",JanaVaaniJanaSenaBharosa,"Chief @PawanKalyan reached Tirupati for tomorrow's JanaVaani program ü§çüòç 
#JanaVaaniJanaSenaBharosa https://t.co/tltvbHAJ0v","18.4132716,84.00739667"
67,abdul_nazeeb8,2022-08-20 19:26:29+00:00,9.0,,2.0,0.0,1.5610721966293197e+18,https://twitter.com/abdul_nazeeb8/status/1561072196629319680,Vijayawada central,['JanaVaaniJanaSenaBharosa'],"[Video(thumbnailUrl='https://pbs.twimg.com/ext_tw_video_thumb/1561072128447107072/pu/img/Cvh9wbtCU0zRrfeQ.jpg', variants=[VideoVariant(contentType='video/mp4', url='https://video.twimg.com/ext_tw_video/1561072128447107072/pu/vid/320x320/XVJ4O48UQlh_meFd.mp4?tag=12', bitrate=432000), VideoVariant(contentType='application/x-mpegURL', url='https://video.twimg.com/ext_tw_video/1561072128447107072/pu/pl/t6mzuJHyw-YTHAgU.m3u8?tag=12&container=fmp4', bitrate=None), VideoVariant(contentType='video/mp4', url='https://video.twimg.com/ext_tw_video/1561072128447107072/pu/vid/720x720/dUGbZNrZURYfEUG8.mp4?tag=12', bitrate=1280000), VideoVariant(contentType='video/mp4', url='https://video.twimg.com/ext_tw_video/1561072128447107072/pu/vid/540x540/yt4JDFMbr2aT1c-d.mp4?tag=12', bitrate=832000)], duration=29.05, views=62)]",JanaVaaniJanaSenaBharosa,"‡∞§‡∞ø‡∞∞‡±Å‡∞™‡∞§‡∞ø‡∞≤‡±ã ‡∞ú‡∞®‡∞∏‡±á‡∞®‡∞®‡∞ø ‡∞ï‡∞ø ‡∞ò‡∞∏‡±ç‡∞µ‡∞æ‡∞ó‡∞§‡∞Ç ‡∞™‡∞≤‡±Å‡∞ï‡±Å‡∞§‡±Ç ‡∞π‡∞æ‡∞∞‡∞§‡∞ø ‡∞á‡∞ö‡±ç‡∞ö‡∞ø‡∞® @JSPVeeraMahila ‡∞≤‡±Å, @JanaSenaParty ‡∞∂‡±ç‡∞∞‡±á‡∞£‡±Å‡∞≤‡±Å..üíêüíêüíê

#JanaVaaniJanaSenaBharosa

@Keerthana_JSP @mekiranroyal
@mnadendla @JSP4Andhra 
Upcoming AP CM @PawanKalyan üî•üí™ https://t.co/3bXdtlKl3i","16.4973854,80.6530844"
68,urs_jafar2,2022-08-20 17:55:48+00:00,8.0,,2.0,0.0,1.561049375341654e+18,https://twitter.com/urs_jafar2/status/1561049375341654016,Vijayawada central,"['JanasenaRythuBarosaYatra', 'JanaVaaniJanaSenaBharosa']","[Video(thumbnailUrl='https://pbs.twimg.com/ext_tw_video_thumb/1561048162650927105/pu/img/d58oNjtks74sQjVa.jpg', variants=[VideoVariant(contentType='video/mp4', url='https://video.twimg.com/ext_tw_video/1561048162650927105/pu/vid/800x360/xqZwYr3pNz16rl68.mp4?tag=12', bitrate=832000), VideoVariant(contentType='video/mp4', url='https://video.twimg.com/ext_tw_video/1561048162650927105/pu/vid/600x270/VAnkILzbi9Ikd4Mp.mp4?tag=12', bitrate=256000), VideoVariant(contentType='video/mp4', url='https://video.twimg.com/ext_tw_video/1561048162650927105/pu/vid/1280x576/DdOYzyR90HxS6Jy7.mp4?tag=12', bitrate=2176000), VideoVariant(contentType='application/x-mpegURL', url='https://video.twimg.com/ext_tw_video/1561048162650927105/pu/pl/7Xr6Iq15hvYsxqFu.m3u8?tag=12&container=fmp4', bitrate=None)], duration=58.132, views=47)]",JanaVaaniJanaSenaBharosa,"@KChiruTweets ‡∞ö‡∞ø‡∞∞‡∞Ç‡∞ú‡±Ä‡∞µ‡∞ø ‡∞ó‡∞æ‡∞∞‡∞ø‡∞ï‡∞ø 
@PawanKalyan ‡∞ó‡∞æ‡∞∞‡∞ø‡∞®‡∞ø ‡∞Æ‡∞ø‡∞Ç‡∞ö‡∞ø‡∞® ‡∞Ö‡∞≠‡∞ø‡∞Æ‡∞æ‡∞®‡∞ø
‡∞â‡∞Ç‡∞°‡∞∞‡±á‡∞Æ‡±ç‡∞Æ‡±ã.!üëç‡∞à ‡∞™‡±ç‡∞∞‡∞™‡∞Ç‡∞ö‡∞Ç‡∞≤‡±ã 

‡∞ï‡±ä‡∞Ç‡∞§‡∞Æ‡∞Ç‡∞¶‡∞ø ‡∞∏‡∞®‡±ç‡∞®‡∞æ‡∞∏‡±Å‡∞≤‡∞æ‡∞ï‡∞ø ‡∞à ‡∞µ‡±Ä‡∞°‡∞ø‡∞Ø‡±ã ‡∞Ö‡∞Ç‡∞ï‡∞ø‡∞§‡∞Ç üôèüôèüôèüëá

#JanasenaRythuBarosaYatra
#JanaVaaniJanaSenaBharosa https://t.co/5SkJ6CAJlx","16.4973854,80.6530844"
69,urs_jafar2,2022-08-20 17:35:55+00:00,7.0,,0.0,0.0,1.5610443728623534e+18,https://twitter.com/urs_jafar2/status/1561044372862353408,Vijayawada central,['JanaVaaniJanaSenaBharosa'],"[Photo(previewUrl='https://pbs.twimg.com/media/FanxlWCUsAA5Szv?format=jpg&name=small', fullUrl='https://pbs.twimg.com/media/FanxlWCUsAA5Szv?format=jpg&name=large')]",JanaVaaniJanaSenaBharosa,"‡∞é‡∞µ‡∞∞‡±ã ‡∞¨‡∞´‡±Ç‡∞®‡±ç ‡∞ó‡∞æ‡∞≥‡±ç‡∞≥‡±Å ‡∞á‡∞ö‡±ç‡∞ö‡±á ‡∞∏‡±Ä‡∞ü‡±ç‡∞≤ ‡∞ï‡±ã‡∞∏‡∞Ç 
‡∞é‡∞¶‡±Å‡∞∞‡±Å ‡∞ö‡±Ç‡∞∏‡±á ‡∞™‡∞∞‡∞ø‡∞∏‡±ç‡∞•‡∞ø‡∞§‡±Å‡∞≤‡±ç‡∞≤‡±ã ‡∞ú‡∞®‡∞∏‡±á‡∞® ‡∞™‡∞æ‡∞∞‡±ç‡∞ü‡±Ä ‡∞≤‡±á‡∞¶‡±Å.‚úäÔ∏è‚úä‚úä‚úä‚úä

#JanaVaaniJanaSenaBharosa https://t.co/i06uT1WYj0","16.4973854,80.6530844"
70,murarimurali97,2022-08-20 16:29:11+00:00,33.0,,16.0,0.0,1.5610275776150446e+18,https://twitter.com/murarimurali97/status/1561027577615044609,Vijayawada central,"['JanaSenaParty', 'JanaVaaniJanaSenaBharosa', 'JanasenaRythuBarosaYatra']","[Photo(previewUrl='https://pbs.twimg.com/media/Fangl4IaAAAT5xh?format=jpg&name=small', fullUrl='https://pbs.twimg.com/media/Fangl4IaAAAT5xh?format=jpg&name=large')]",JanaVaaniJanaSenaBharosa,"Eppatƒ±kaƒ±na Caste , Personal Uses , Chudadaam Apesƒ± Oka Educated Personal La Annƒ± Alochƒ±nchƒ± Vote Veyaandƒ± ‚ù§Ô∏èüôèüèª
#JanaSenaParty @PawanKalyan #JanaVaaniJanaSenaBharosa #JanasenaRythuBarosaYatra https://t.co/v68kZbSmHK","16.4973854,80.6530844"
71,rcsureshkumar99,2022-08-20 09:53:39+00:00,5.0,,3.0,0.0,1.5609280381533635e+18,https://twitter.com/rcsureshkumar99/status/1560928038153363456,Vijayawada central,['JanaVaaniJanaSenaBharosa'],"[Photo(previewUrl='https://pbs.twimg.com/media/FamHxdUakAAoh6p?format=jpg&name=small', fullUrl='https://pbs.twimg.com/media/FamHxdUakAAoh6p?format=jpg&name=large')]",JanaVaaniJanaSenaBharosa,"‡∞≠‡∞æ‡∞∞‡±Ä ‡∞ó‡∞ú ‡∞Æ‡∞æ‡∞≤‡∞§‡±ã ‡∞ú‡∞®‡∞∏‡±á‡∞®‡∞®‡∞ø ‡∞∏‡±ç‡∞µ‡∞æ‡∞ó‡∞§‡∞Ç ‡∞™‡∞≤‡∞ø‡∞ï‡∞ø‡∞® ‡∞â‡∞Æ‡±ç‡∞Æ‡∞°‡∞ø ‡∞ï‡∞°‡∞™ ‡∞™‡±ç‡∞∞‡∞ú‡∞≤‡±Å
#JanaVaaniJanaSenaBharosa https://t.co/yTmJGI5GLw","16.4973854,80.6530844"
72,abdul_nazeeb8,2022-08-20 07:03:03+00:00,8.0,,5.0,0.0,1.56088510319829e+18,https://twitter.com/abdul_nazeeb8/status/1560885103198289920,Vijayawada central,['JanaVaaniJanaSenaBharosa'],"[Video(thumbnailUrl='https://pbs.twimg.com/ext_tw_video_thumb/1560885023854981122/pu/img/GtWQYyRNYmlCjko7.jpg', variants=[VideoVariant(contentType='video/mp4', url='https://video.twimg.com/ext_tw_video/1560885023854981122/pu/vid/490x270/PT2XCrGjCGhcmNZd.mp4?tag=12', bitrate=256000), VideoVariant(contentType='application/x-mpegURL', url='https://video.twimg.com/ext_tw_video/1560885023854981122/pu/pl/xCTRIc1YIg_r7VQK.m3u8?tag=12&container=fmp4', bitrate=None), VideoVariant(contentType='video/mp4', url='https://video.twimg.com/ext_tw_video/1560885023854981122/pu/vid/640x352/CHtfF6JkNUUtAgoI.mp4?tag=12', bitrate=832000)], duration=80.871, views=26)]",JanaVaaniJanaSenaBharosa,"‡∞ú‡∞®‡∞µ‡∞æ‡∞£‡∞ø ‡∞ú‡∞®‡∞∏‡±á‡∞® ‡∞≠‡∞∞‡±ã‡∞∏‡∞æ 4‡∞µ ‡∞µ‡∞ø‡∞°‡∞§
21.08.22‡∞® ‡∞Ü‡∞¶‡∞ø‡∞µ‡∞æ‡∞∞‡∞Ç, ‡∞â‡∞¶‡∞Ø‡∞Ç 10‡∞ó‡∞Ç,,‡∞≤ ‡∞®‡±Å‡∞Ç‡∞°‡∞ø‡∞Æ‡∞ß‡±ç‡∞Ø‡∞æ‡∞π‡±ç‡∞®‡∞Ç 3‡∞ó‡∞Ç,,‡∞≤ ‡∞µ‡∞∞‡∞ï‡±Å ‡∞∏‡∞æ‡∞Æ‡∞æ‡∞®‡±ç‡∞Ø‡±Å‡∞°‡∞ø ‡∞ó‡∞≥‡∞Ç ‡∞µ‡∞ø‡∞®‡∞ø‡∞™‡∞ø‡∞Ç‡∞ö‡±á‡∞≤‡∞æ‚úä

‡∞µ‡±á‡∞¶‡∞ø‡∞ï:-GRR ‡∞ï‡∞®‡±ç‡∞µ‡±Ü‡∞®‡±ç‡∞∑‡∞®‡±ç ‡∞π‡∞æ‡∞≤‡±ç, ‡∞§‡∞ø‡∞∞‡±Å‡∞™‡∞§‡∞ø.
‡∞§‡∞ø‡∞∞‡±Å‡∞™‡∞§‡∞ø-‡∞¨‡±Ü‡∞Ç‡∞ó‡∞≥‡±Ç‡∞∞‡±Å ‡∞π‡±à‡∞µ‡±á, Opp. ‡∞¨‡∞æ‡∞≤‡∞æ‡∞ú‡±Ä ‡∞°‡±à‡∞∞‡±Ä

#JanaVaaniJanaSenaBharosa @JanaSenaParty @JSP4Andhra 
Upcoming AP CM @PawanKalyan üî•üí™ https://t.co/nxVDb28WzJ","16.4973854,80.6530844"
73,abdul_nazeeb8,2022-08-20 19:26:29+00:00,9.0,,2.0,0.0,1.5610721966293197e+18,https://twitter.com/abdul_nazeeb8/status/1561072196629319680,Vijayawada East,['JanaVaaniJanaSenaBharosa'],"[Video(thumbnailUrl='https://pbs.twimg.com/ext_tw_video_thumb/1561072128447107072/pu/img/Cvh9wbtCU0zRrfeQ.jpg', variants=[VideoVariant(contentType='video/mp4', url='https://video.twimg.com/ext_tw_video/1561072128447107072/pu/vid/320x320/XVJ4O48UQlh_meFd.mp4?tag=12', bitrate=432000), VideoVariant(contentType='application/x-mpegURL', url='https://video.twimg.com/ext_tw_video/1561072128447107072/pu/pl/t6mzuJHyw-YTHAgU.m3u8?tag=12&container=fmp4', bitrate=None), VideoVariant(contentType='video/mp4', url='https://video.twimg.com/ext_tw_video/1561072128447107072/pu/vid/720x720/dUGbZNrZURYfEUG8.mp4?tag=12', bitrate=1280000), VideoVariant(contentType='video/mp4', url='https://video.twimg.com/ext_tw_video/1561072128447107072/pu/vid/540x540/yt4JDFMbr2aT1c-d.mp4?tag=12', bitrate=832000)], duration=29.05, views=62)]",JanaVaaniJanaSenaBharosa,"‡∞§‡∞ø‡∞∞‡±Å‡∞™‡∞§‡∞ø‡∞≤‡±ã ‡∞ú‡∞®‡∞∏‡±á‡∞®‡∞®‡∞ø ‡∞ï‡∞ø ‡∞ò‡∞∏‡±ç‡∞µ‡∞æ‡∞ó‡∞§‡∞Ç ‡∞™‡∞≤‡±Å‡∞ï‡±Å‡∞§‡±Ç ‡∞π‡∞æ‡∞∞‡∞§‡∞ø ‡∞á‡∞ö‡±ç‡∞ö‡∞ø‡∞® @JSPVeeraMahila ‡∞≤‡±Å, @JanaSenaParty ‡∞∂‡±ç‡∞∞‡±á‡∞£‡±Å‡∞≤‡±Å..üíêüíêüíê

#JanaVaaniJanaSenaBharosa

@Keerthana_JSP @mekiranroyal
@mnadendla @JSP4Andhra 
Upcoming AP CM @PawanKalyan üî•üí™ https://t.co/3bXdtlKl3i","16.4974362,80.6660075"
74,urs_jafar2,2022-08-20 17:55:48+00:00,8.0,,2.0,0.0,1.561049375341654e+18,https://twitter.com/urs_jafar2/status/1561049375341654016,Vijayawada East,"['JanasenaRythuBarosaYatra', 'JanaVaaniJanaSenaBharosa']","[Video(thumbnailUrl='https://pbs.twimg.com/ext_tw_video_thumb/1561048162650927105/pu/img/d58oNjtks74sQjVa.jpg', variants=[VideoVariant(contentType='video/mp4', url='https://video.twimg.com/ext_tw_video/1561048162650927105/pu/vid/800x360/xqZwYr3pNz16rl68.mp4?tag=12', bitrate=832000), VideoVariant(contentType='video/mp4', url='https://video.twimg.com/ext_tw_video/1561048162650927105/pu/vid/600x270/VAnkILzbi9Ikd4Mp.mp4?tag=12', bitrate=256000), VideoVariant(contentType='video/mp4', url='https://video.twimg.com/ext_tw_video/1561048162650927105/pu/vid/1280x576/DdOYzyR90HxS6Jy7.mp4?tag=12', bitrate=2176000), VideoVariant(contentType='application/x-mpegURL', url='https://video.twimg.com/ext_tw_video/1561048162650927105/pu/pl/7Xr6Iq15hvYsxqFu.m3u8?tag=12&container=fmp4', bitrate=None)], duration=58.132, views=47)]",JanaVaaniJanaSenaBharosa,"@KChiruTweets ‡∞ö‡∞ø‡∞∞‡∞Ç‡∞ú‡±Ä‡∞µ‡∞ø ‡∞ó‡∞æ‡∞∞‡∞ø‡∞ï‡∞ø 
@PawanKalyan ‡∞ó‡∞æ‡∞∞‡∞ø‡∞®‡∞ø ‡∞Æ‡∞ø‡∞Ç‡∞ö‡∞ø‡∞® ‡∞Ö‡∞≠‡∞ø‡∞Æ‡∞æ‡∞®‡∞ø
‡∞â‡∞Ç‡∞°‡∞∞‡±á‡∞Æ‡±ç‡∞Æ‡±ã.!üëç‡∞à ‡∞™‡±ç‡∞∞‡∞™‡∞Ç‡∞ö‡∞Ç‡∞≤‡±ã 

‡∞ï‡±ä‡∞Ç‡∞§‡∞Æ‡∞Ç‡∞¶‡∞ø ‡∞∏‡∞®‡±ç‡∞®‡∞æ‡∞∏‡±Å‡∞≤‡∞æ‡∞ï‡∞ø ‡∞à ‡∞µ‡±Ä‡∞°‡∞ø‡∞Ø‡±ã ‡∞Ö‡∞Ç‡∞ï‡∞ø‡∞§‡∞Ç üôèüôèüôèüëá

#JanasenaRythuBarosaYatra
#JanaVaaniJanaSenaBharosa https://t.co/5SkJ6CAJlx","16.4974362,80.6660075"
75,urs_jafar2,2022-08-20 17:35:55+00:00,7.0,,0.0,0.0,1.5610443728623534e+18,https://twitter.com/urs_jafar2/status/1561044372862353408,Vijayawada East,['JanaVaaniJanaSenaBharosa'],"[Photo(previewUrl='https://pbs.twimg.com/media/FanxlWCUsAA5Szv?format=jpg&name=small', fullUrl='https://pbs.twimg.com/media/FanxlWCUsAA5Szv?format=jpg&name=large')]",JanaVaaniJanaSenaBharosa,"‡∞é‡∞µ‡∞∞‡±ã ‡∞¨‡∞´‡±Ç‡∞®‡±ç ‡∞ó‡∞æ‡∞≥‡±ç‡∞≥‡±Å ‡∞á‡∞ö‡±ç‡∞ö‡±á ‡∞∏‡±Ä‡∞ü‡±ç‡∞≤ ‡∞ï‡±ã‡∞∏‡∞Ç 
‡∞é‡∞¶‡±Å‡∞∞‡±Å ‡∞ö‡±Ç‡∞∏‡±á ‡∞™‡∞∞‡∞ø‡∞∏‡±ç‡∞•‡∞ø‡∞§‡±Å‡∞≤‡±ç‡∞≤‡±ã ‡∞ú‡∞®‡∞∏‡±á‡∞® ‡∞™‡∞æ‡∞∞‡±ç‡∞ü‡±Ä ‡∞≤‡±á‡∞¶‡±Å.‚úäÔ∏è‚úä‚úä‚úä‚úä

#JanaVaaniJanaSenaBharosa https://t.co/i06uT1WYj0","16.4974362,80.6660075"
76,murarimurali97,2022-08-20 16:29:11+00:00,33.0,,16.0,0.0,1.5610275776150446e+18,https://twitter.com/murarimurali97/status/1561027577615044609,Vijayawada East,"['JanaSenaParty', 'JanaVaaniJanaSenaBharosa', 'JanasenaRythuBarosaYatra']","[Photo(previewUrl='https://pbs.twimg.com/media/Fangl4IaAAAT5xh?format=jpg&name=small', fullUrl='https://pbs.twimg.com/media/Fangl4IaAAAT5xh?format=jpg&name=large')]",JanaVaaniJanaSenaBharosa,"Eppatƒ±kaƒ±na Caste , Personal Uses , Chudadaam Apesƒ± Oka Educated Personal La Annƒ± Alochƒ±nchƒ± Vote Veyaandƒ± ‚ù§Ô∏èüôèüèª
#JanaSenaParty @PawanKalyan #JanaVaaniJanaSenaBharosa #JanasenaRythuBarosaYatra https://t.co/v68kZbSmHK","16.4974362,80.6660075"
77,rcsureshkumar99,2022-08-20 09:53:39+00:00,5.0,,3.0,0.0,1.5609280381533635e+18,https://twitter.com/rcsureshkumar99/status/1560928038153363456,Vijayawada East,['JanaVaaniJanaSenaBharosa'],"[Photo(previewUrl='https://pbs.twimg.com/media/FamHxdUakAAoh6p?format=jpg&name=small', fullUrl='https://pbs.twimg.com/media/FamHxdUakAAoh6p?format=jpg&name=large')]",JanaVaaniJanaSenaBharosa,"‡∞≠‡∞æ‡∞∞‡±Ä ‡∞ó‡∞ú ‡∞Æ‡∞æ‡∞≤‡∞§‡±ã ‡∞ú‡∞®‡∞∏‡±á‡∞®‡∞®‡∞ø ‡∞∏‡±ç‡∞µ‡∞æ‡∞ó‡∞§‡∞Ç ‡∞™‡∞≤‡∞ø‡∞ï‡∞ø‡∞® ‡∞â‡∞Æ‡±ç‡∞Æ‡∞°‡∞ø ‡∞ï‡∞°‡∞™ ‡∞™‡±ç‡∞∞‡∞ú‡∞≤‡±Å
#JanaVaaniJanaSenaBharosa https://t.co/yTmJGI5GLw","16.4974362,80.6660075"
78,abdul_nazeeb8,2022-08-20 07:03:03+00:00,8.0,,5.0,0.0,1.56088510319829e+18,https://twitter.com/abdul_nazeeb8/status/1560885103198289920,Vijayawada East,['JanaVaaniJanaSenaBharosa'],"[Video(thumbnailUrl='https://pbs.twimg.com/ext_tw_video_thumb/1560885023854981122/pu/img/GtWQYyRNYmlCjko7.jpg', variants=[VideoVariant(contentType='video/mp4', url='https://video.twimg.com/ext_tw_video/1560885023854981122/pu/vid/490x270/PT2XCrGjCGhcmNZd.mp4?tag=12', bitrate=256000), VideoVariant(contentType='application/x-mpegURL', url='https://video.twimg.com/ext_tw_video/1560885023854981122/pu/pl/xCTRIc1YIg_r7VQK.m3u8?tag=12&container=fmp4', bitrate=None), VideoVariant(contentType='video/mp4', url='https://video.twimg.com/ext_tw_video/1560885023854981122/pu/vid/640x352/CHtfF6JkNUUtAgoI.mp4?tag=12', bitrate=832000)], duration=80.871, views=26)]",JanaVaaniJanaSenaBharosa,"‡∞ú‡∞®‡∞µ‡∞æ‡∞£‡∞ø ‡∞ú‡∞®‡∞∏‡±á‡∞® ‡∞≠‡∞∞‡±ã‡∞∏‡∞æ 4‡∞µ ‡∞µ‡∞ø‡∞°‡∞§
21.08.22‡∞® ‡∞Ü‡∞¶‡∞ø‡∞µ‡∞æ‡∞∞‡∞Ç, ‡∞â‡∞¶‡∞Ø‡∞Ç 10‡∞ó‡∞Ç,,‡∞≤ ‡∞®‡±Å‡∞Ç‡∞°‡∞ø‡∞Æ‡∞ß‡±ç‡∞Ø‡∞æ‡∞π‡±ç‡∞®‡∞Ç 3‡∞ó‡∞Ç,,‡∞≤ ‡∞µ‡∞∞‡∞ï‡±Å ‡∞∏‡∞æ‡∞Æ‡∞æ‡∞®‡±ç‡∞Ø‡±Å‡∞°‡∞ø ‡∞ó‡∞≥‡∞Ç ‡∞µ‡∞ø‡∞®‡∞ø‡∞™‡∞ø‡∞Ç‡∞ö‡±á‡∞≤‡∞æ‚úä

‡∞µ‡±á‡∞¶‡∞ø‡∞ï:-GRR ‡∞ï‡∞®‡±ç‡∞µ‡±Ü‡∞®‡±ç‡∞∑‡∞®‡±ç ‡∞π‡∞æ‡∞≤‡±ç, ‡∞§‡∞ø‡∞∞‡±Å‡∞™‡∞§‡∞ø.
‡∞§‡∞ø‡∞∞‡±Å‡∞™‡∞§‡∞ø-‡∞¨‡±Ü‡∞Ç‡∞ó‡∞≥‡±Ç‡∞∞‡±Å ‡∞π‡±à‡∞µ‡±á, Opp. ‡∞¨‡∞æ‡∞≤‡∞æ‡∞ú‡±Ä ‡∞°‡±à‡∞∞‡±Ä

#JanaVaaniJanaSenaBharosa @JanaSenaParty @JSP4Andhra 
Upcoming AP CM @PawanKalyan üî•üí™ https://t.co/nxVDb28WzJ","16.4974362,80.6660075"
79,abdul_nazeeb8,2022-08-20 19:26:29+00:00,9.0,,2.0,0.0,1.5610721966293197e+18,https://twitter.com/abdul_nazeeb8/status/1561072196629319680,Tadikonda,['JanaVaaniJanaSenaBharosa'],"[Video(thumbnailUrl='https://pbs.twimg.com/ext_tw_video_thumb/1561072128447107072/pu/img/Cvh9wbtCU0zRrfeQ.jpg', variants=[VideoVariant(contentType='video/mp4', url='https://video.twimg.com/ext_tw_video/1561072128447107072/pu/vid/320x320/XVJ4O48UQlh_meFd.mp4?tag=12', bitrate=432000), VideoVariant(contentType='application/x-mpegURL', url='https://video.twimg.com/ext_tw_video/1561072128447107072/pu/pl/t6mzuJHyw-YTHAgU.m3u8?tag=12&container=fmp4', bitrate=None), VideoVariant(contentType='video/mp4', url='https://video.twimg.com/ext_tw_video/1561072128447107072/pu/vid/720x720/dUGbZNrZURYfEUG8.mp4?tag=12', bitrate=1280000), VideoVariant(contentType='video/mp4', url='https://video.twimg.com/ext_tw_video/1561072128447107072/pu/vid/540x540/yt4JDFMbr2aT1c-d.mp4?tag=12', bitrate=832000)], duration=29.05, views=62)]",JanaVaaniJanaSenaBharosa,"‡∞§‡∞ø‡∞∞‡±Å‡∞™‡∞§‡∞ø‡∞≤‡±ã ‡∞ú‡∞®‡∞∏‡±á‡∞®‡∞®‡∞ø ‡∞ï‡∞ø ‡∞ò‡∞∏‡±ç‡∞µ‡∞æ‡∞ó‡∞§‡∞Ç ‡∞™‡∞≤‡±Å‡∞ï‡±Å‡∞§‡±Ç ‡∞π‡∞æ‡∞∞‡∞§‡∞ø ‡∞á‡∞ö‡±ç‡∞ö‡∞ø‡∞® @JSPVeeraMahila ‡∞≤‡±Å, @JanaSenaParty ‡∞∂‡±ç‡∞∞‡±á‡∞£‡±Å‡∞≤‡±Å..üíêüíêüíê

#JanaVaaniJanaSenaBharosa

@Keerthana_JSP @mekiranroyal
@mnadendla @JSP4Andhra 
Upcoming AP CM @PawanKalyan üî•üí™ https://t.co/3bXdtlKl3i","16.4198669,80.41602877"
80,urs_jafar2,2022-08-20 17:55:48+00:00,8.0,,2.0,0.0,1.561049375341654e+18,https://twitter.com/urs_jafar2/status/1561049375341654016,Tadikonda,"['JanasenaRythuBarosaYatra', 'JanaVaaniJanaSenaBharosa']","[Video(thumbnailUrl='https://pbs.twimg.com/ext_tw_video_thumb/1561048162650927105/pu/img/d58oNjtks74sQjVa.jpg', variants=[VideoVariant(contentType='video/mp4', url='https://video.twimg.com/ext_tw_video/1561048162650927105/pu/vid/800x360/xqZwYr3pNz16rl68.mp4?tag=12', bitrate=832000), VideoVariant(contentType='video/mp4', url='https://video.twimg.com/ext_tw_video/1561048162650927105/pu/vid/600x270/VAnkILzbi9Ikd4Mp.mp4?tag=12', bitrate=256000), VideoVariant(contentType='video/mp4', url='https://video.twimg.com/ext_tw_video/1561048162650927105/pu/vid/1280x576/DdOYzyR90HxS6Jy7.mp4?tag=12', bitrate=2176000), VideoVariant(contentType='application/x-mpegURL', url='https://video.twimg.com/ext_tw_video/1561048162650927105/pu/pl/7Xr6Iq15hvYsxqFu.m3u8?tag=12&container=fmp4', bitrate=None)], duration=58.132, views=47)]",JanaVaaniJanaSenaBharosa,"@KChiruTweets ‡∞ö‡∞ø‡∞∞‡∞Ç‡∞ú‡±Ä‡∞µ‡∞ø ‡∞ó‡∞æ‡∞∞‡∞ø‡∞ï‡∞ø 
@PawanKalyan ‡∞ó‡∞æ‡∞∞‡∞ø‡∞®‡∞ø ‡∞Æ‡∞ø‡∞Ç‡∞ö‡∞ø‡∞® ‡∞Ö‡∞≠‡∞ø‡∞Æ‡∞æ‡∞®‡∞ø
‡∞â‡∞Ç‡∞°‡∞∞‡±á‡∞Æ‡±ç‡∞Æ‡±ã.!üëç‡∞à ‡∞™‡±ç‡∞∞‡∞™‡∞Ç‡∞ö‡∞Ç‡∞≤‡±ã 

‡∞ï‡±ä‡∞Ç‡∞§‡∞Æ‡∞Ç‡∞¶‡∞ø ‡∞∏‡∞®‡±ç‡∞®‡∞æ‡∞∏‡±Å‡∞≤‡∞æ‡∞ï‡∞ø ‡∞à ‡∞µ‡±Ä‡∞°‡∞ø‡∞Ø‡±ã ‡∞Ö‡∞Ç‡∞ï‡∞ø‡∞§‡∞Ç üôèüôèüôèüëá

#JanasenaRythuBarosaYatra
#JanaVaaniJanaSenaBharosa https://t.co/5SkJ6CAJlx","16.4198669,80.41602877"
81,urs_jafar2,2022-08-20 17:35:55+00:00,7.0,,0.0,0.0,1.5610443728623534e+18,https://twitter.com/urs_jafar2/status/1561044372862353408,Tadikonda,['JanaVaaniJanaSenaBharosa'],"[Photo(previewUrl='https://pbs.twimg.com/media/FanxlWCUsAA5Szv?format=jpg&name=small', fullUrl='https://pbs.twimg.com/media/FanxlWCUsAA5Szv?format=jpg&name=large')]",JanaVaaniJanaSenaBharosa,"‡∞é‡∞µ‡∞∞‡±ã ‡∞¨‡∞´‡±Ç‡∞®‡±ç ‡∞ó‡∞æ‡∞≥‡±ç‡∞≥‡±Å ‡∞á‡∞ö‡±ç‡∞ö‡±á ‡∞∏‡±Ä‡∞ü‡±ç‡∞≤ ‡∞ï‡±ã‡∞∏‡∞Ç 
‡∞é‡∞¶‡±Å‡∞∞‡±Å ‡∞ö‡±Ç‡∞∏‡±á ‡∞™‡∞∞‡∞ø‡∞∏‡±ç‡∞•‡∞ø‡∞§‡±Å‡∞≤‡±ç‡∞≤‡±ã ‡∞ú‡∞®‡∞∏‡±á‡∞® ‡∞™‡∞æ‡∞∞‡±ç‡∞ü‡±Ä ‡∞≤‡±á‡∞¶‡±Å.‚úäÔ∏è‚úä‚úä‚úä‚úä

#JanaVaaniJanaSenaBharosa https://t.co/i06uT1WYj0","16.4198669,80.41602877"
82,murarimurali97,2022-08-20 16:29:11+00:00,33.0,,16.0,0.0,1.5610275776150446e+18,https://twitter.com/murarimurali97/status/1561027577615044609,Tadikonda,"['JanaSenaParty', 'JanaVaaniJanaSenaBharosa', 'JanasenaRythuBarosaYatra']","[Photo(previewUrl='https://pbs.twimg.com/media/Fangl4IaAAAT5xh?format=jpg&name=small', fullUrl='https://pbs.twimg.com/media/Fangl4IaAAAT5xh?format=jpg&name=large')]",JanaVaaniJanaSenaBharosa,"Eppatƒ±kaƒ±na Caste , Personal Uses , Chudadaam Apesƒ± Oka Educated Personal La Annƒ± Alochƒ±nchƒ± Vote Veyaandƒ± ‚ù§Ô∏èüôèüèª
#JanaSenaParty @PawanKalyan #JanaVaaniJanaSenaBharosa #JanasenaRythuBarosaYatra https://t.co/v68kZbSmHK","16.4198669,80.41602877"
83,rcsureshkumar99,2022-08-20 09:53:39+00:00,5.0,,3.0,0.0,1.5609280381533635e+18,https://twitter.com/rcsureshkumar99/status/1560928038153363456,Tadikonda,['JanaVaaniJanaSenaBharosa'],"[Photo(previewUrl='https://pbs.twimg.com/media/FamHxdUakAAoh6p?format=jpg&name=small', fullUrl='https://pbs.twimg.com/media/FamHxdUakAAoh6p?format=jpg&name=large')]",JanaVaaniJanaSenaBharosa,"‡∞≠‡∞æ‡∞∞‡±Ä ‡∞ó‡∞ú ‡∞Æ‡∞æ‡∞≤‡∞§‡±ã ‡∞ú‡∞®‡∞∏‡±á‡∞®‡∞®‡∞ø ‡∞∏‡±ç‡∞µ‡∞æ‡∞ó‡∞§‡∞Ç ‡∞™‡∞≤‡∞ø‡∞ï‡∞ø‡∞® ‡∞â‡∞Æ‡±ç‡∞Æ‡∞°‡∞ø ‡∞ï‡∞°‡∞™ ‡∞™‡±ç‡∞∞‡∞ú‡∞≤‡±Å
#JanaVaaniJanaSenaBharosa https://t.co/yTmJGI5GLw","16.4198669,80.41602877"
84,abdul_nazeeb8,2022-08-20 07:03:03+00:00,8.0,,5.0,0.0,1.56088510319829e+18,https://twitter.com/abdul_nazeeb8/status/1560885103198289920,Tadikonda,['JanaVaaniJanaSenaBharosa'],"[Video(thumbnailUrl='https://pbs.twimg.com/ext_tw_video_thumb/1560885023854981122/pu/img/GtWQYyRNYmlCjko7.jpg', variants=[VideoVariant(contentType='video/mp4', url='https://video.twimg.com/ext_tw_video/1560885023854981122/pu/vid/490x270/PT2XCrGjCGhcmNZd.mp4?tag=12', bitrate=256000), VideoVariant(contentType='application/x-mpegURL', url='https://video.twimg.com/ext_tw_video/1560885023854981122/pu/pl/xCTRIc1YIg_r7VQK.m3u8?tag=12&container=fmp4', bitrate=None), VideoVariant(contentType='video/mp4', url='https://video.twimg.com/ext_tw_video/1560885023854981122/pu/vid/640x352/CHtfF6JkNUUtAgoI.mp4?tag=12', bitrate=832000)], duration=80.871, views=26)]",JanaVaaniJanaSenaBharosa,"‡∞ú‡∞®‡∞µ‡∞æ‡∞£‡∞ø ‡∞ú‡∞®‡∞∏‡±á‡∞® ‡∞≠‡∞∞‡±ã‡∞∏‡∞æ 4‡∞µ ‡∞µ‡∞ø‡∞°‡∞§
21.08.22‡∞® ‡∞Ü‡∞¶‡∞ø‡∞µ‡∞æ‡∞∞‡∞Ç, ‡∞â‡∞¶‡∞Ø‡∞Ç 10‡∞ó‡∞Ç,,‡∞≤ ‡∞®‡±Å‡∞Ç‡∞°‡∞ø‡∞Æ‡∞ß‡±ç‡∞Ø‡∞æ‡∞π‡±ç‡∞®‡∞Ç 3‡∞ó‡∞Ç,,‡∞≤ ‡∞µ‡∞∞‡∞ï‡±Å ‡∞∏‡∞æ‡∞Æ‡∞æ‡∞®‡±ç‡∞Ø‡±Å‡∞°‡∞ø ‡∞ó‡∞≥‡∞Ç ‡∞µ‡∞ø‡∞®‡∞ø‡∞™‡∞ø‡∞Ç‡∞ö‡±á‡∞≤‡∞æ‚úä

‡∞µ‡±á‡∞¶‡∞ø‡∞ï:-GRR ‡∞ï‡∞®‡±ç‡∞µ‡±Ü‡∞®‡±ç‡∞∑‡∞®‡±ç ‡∞π‡∞æ‡∞≤‡±ç, ‡∞§‡∞ø‡∞∞‡±Å‡∞™‡∞§‡∞ø.
‡∞§‡∞ø‡∞∞‡±Å‡∞™‡∞§‡∞ø-‡∞¨‡±Ü‡∞Ç‡∞ó‡∞≥‡±Ç‡∞∞‡±Å ‡∞π‡±à‡∞µ‡±á, Opp. ‡∞¨‡∞æ‡∞≤‡∞æ‡∞ú‡±Ä ‡∞°‡±à‡∞∞‡±Ä

#JanaVaaniJanaSenaBharosa @JanaSenaParty @JSP4Andhra 
Upcoming AP CM @PawanKalyan üî•üí™ https://t.co/nxVDb28WzJ","16.4198669,80.41602877"
85,abdul_nazeeb8,2022-08-20 19:26:29+00:00,9.0,,2.0,0.0,1.5610721966293197e+18,https://twitter.com/abdul_nazeeb8/status/1561072196629319680,Mangalagiri,['JanaVaaniJanaSenaBharosa'],"[Video(thumbnailUrl='https://pbs.twimg.com/ext_tw_video_thumb/1561072128447107072/pu/img/Cvh9wbtCU0zRrfeQ.jpg', variants=[VideoVariant(contentType='video/mp4', url='https://video.twimg.com/ext_tw_video/1561072128447107072/pu/vid/320x320/XVJ4O48UQlh_meFd.mp4?tag=12', bitrate=432000), VideoVariant(contentType='application/x-mpegURL', url='https://video.twimg.com/ext_tw_video/1561072128447107072/pu/pl/t6mzuJHyw-YTHAgU.m3u8?tag=12&container=fmp4', bitrate=None), VideoVariant(contentType='video/mp4', url='https://video.twimg.com/ext_tw_video/1561072128447107072/pu/vid/720x720/dUGbZNrZURYfEUG8.mp4?tag=12', bitrate=1280000), VideoVariant(contentType='video/mp4', url='https://video.twimg.com/ext_tw_video/1561072128447107072/pu/vid/540x540/yt4JDFMbr2aT1c-d.mp4?tag=12', bitrate=832000)], duration=29.05, views=62)]",JanaVaaniJanaSenaBharosa,"‡∞§‡∞ø‡∞∞‡±Å‡∞™‡∞§‡∞ø‡∞≤‡±ã ‡∞ú‡∞®‡∞∏‡±á‡∞®‡∞®‡∞ø ‡∞ï‡∞ø ‡∞ò‡∞∏‡±ç‡∞µ‡∞æ‡∞ó‡∞§‡∞Ç ‡∞™‡∞≤‡±Å‡∞ï‡±Å‡∞§‡±Ç ‡∞π‡∞æ‡∞∞‡∞§‡∞ø ‡∞á‡∞ö‡±ç‡∞ö‡∞ø‡∞® @JSPVeeraMahila ‡∞≤‡±Å, @JanaSenaParty ‡∞∂‡±ç‡∞∞‡±á‡∞£‡±Å‡∞≤‡±Å..üíêüíêüíê

#JanaVaaniJanaSenaBharosa

@Keerthana_JSP @mekiranroyal
@mnadendla @JSP4Andhra 
Upcoming AP CM @PawanKalyan üî•üí™ https://t.co/3bXdtlKl3i","16.4318209,80.5688069"
86,urs_jafar2,2022-08-20 17:55:48+00:00,8.0,,2.0,0.0,1.561049375341654e+18,https://twitter.com/urs_jafar2/status/1561049375341654016,Mangalagiri,"['JanasenaRythuBarosaYatra', 'JanaVaaniJanaSenaBharosa']","[Video(thumbnailUrl='https://pbs.twimg.com/ext_tw_video_thumb/1561048162650927105/pu/img/d58oNjtks74sQjVa.jpg', variants=[VideoVariant(contentType='video/mp4', url='https://video.twimg.com/ext_tw_video/1561048162650927105/pu/vid/800x360/xqZwYr3pNz16rl68.mp4?tag=12', bitrate=832000), VideoVariant(contentType='video/mp4', url='https://video.twimg.com/ext_tw_video/1561048162650927105/pu/vid/600x270/VAnkILzbi9Ikd4Mp.mp4?tag=12', bitrate=256000), VideoVariant(contentType='video/mp4', url='https://video.twimg.com/ext_tw_video/1561048162650927105/pu/vid/1280x576/DdOYzyR90HxS6Jy7.mp4?tag=12', bitrate=2176000), VideoVariant(contentType='application/x-mpegURL', url='https://video.twimg.com/ext_tw_video/1561048162650927105/pu/pl/7Xr6Iq15hvYsxqFu.m3u8?tag=12&container=fmp4', bitrate=None)], duration=58.132, views=47)]",JanaVaaniJanaSenaBharosa,"@KChiruTweets ‡∞ö‡∞ø‡∞∞‡∞Ç‡∞ú‡±Ä‡∞µ‡∞ø ‡∞ó‡∞æ‡∞∞‡∞ø‡∞ï‡∞ø 
@PawanKalyan ‡∞ó‡∞æ‡∞∞‡∞ø‡∞®‡∞ø ‡∞Æ‡∞ø‡∞Ç‡∞ö‡∞ø‡∞® ‡∞Ö‡∞≠‡∞ø‡∞Æ‡∞æ‡∞®‡∞ø
‡∞â‡∞Ç‡∞°‡∞∞‡±á‡∞Æ‡±ç‡∞Æ‡±ã.!üëç‡∞à ‡∞™‡±ç‡∞∞‡∞™‡∞Ç‡∞ö‡∞Ç‡∞≤‡±ã 

‡∞ï‡±ä‡∞Ç‡∞§‡∞Æ‡∞Ç‡∞¶‡∞ø ‡∞∏‡∞®‡±ç‡∞®‡∞æ‡∞∏‡±Å‡∞≤‡∞æ‡∞ï‡∞ø ‡∞à ‡∞µ‡±Ä‡∞°‡∞ø‡∞Ø‡±ã ‡∞Ö‡∞Ç‡∞ï‡∞ø‡∞§‡∞Ç üôèüôèüôèüëá

#JanasenaRythuBarosaYatra
#JanaVaaniJanaSenaBharosa https://t.co/5SkJ6CAJlx","16.4318209,80.5688069"
87,urs_jafar2,2022-08-20 17:35:55+00:00,7.0,,0.0,0.0,1.5610443728623534e+18,https://twitter.com/urs_jafar2/status/1561044372862353408,Mangalagiri,['JanaVaaniJanaSenaBharosa'],"[Photo(previewUrl='https://pbs.twimg.com/media/FanxlWCUsAA5Szv?format=jpg&name=small', fullUrl='https://pbs.twimg.com/media/FanxlWCUsAA5Szv?format=jpg&name=large')]",JanaVaaniJanaSenaBharosa,"‡∞é‡∞µ‡∞∞‡±ã ‡∞¨‡∞´‡±Ç‡∞®‡±ç ‡∞ó‡∞æ‡∞≥‡±ç‡∞≥‡±Å ‡∞á‡∞ö‡±ç‡∞ö‡±á ‡∞∏‡±Ä‡∞ü‡±ç‡∞≤ ‡∞ï‡±ã‡∞∏‡∞Ç 
‡∞é‡∞¶‡±Å‡∞∞‡±Å ‡∞ö‡±Ç‡∞∏‡±á ‡∞™‡∞∞‡∞ø‡∞∏‡±ç‡∞•‡∞ø‡∞§‡±Å‡∞≤‡±ç‡∞≤‡±ã ‡∞ú‡∞®‡∞∏‡±á‡∞® ‡∞™‡∞æ‡∞∞‡±ç‡∞ü‡±Ä ‡∞≤‡±á‡∞¶‡±Å.‚úäÔ∏è‚úä‚úä‚úä‚úä

#JanaVaaniJanaSenaBharosa https://t.co/i06uT1WYj0","16.4318209,80.5688069"
88,murarimurali97,2022-08-20 16:29:11+00:00,33.0,,16.0,0.0,1.5610275776150446e+18,https://twitter.com/murarimurali97/status/1561027577615044609,Mangalagiri,"['JanaSenaParty', 'JanaVaaniJanaSenaBharosa', 'JanasenaRythuBarosaYatra']","[Photo(previewUrl='https://pbs.twimg.com/media/Fangl4IaAAAT5xh?format=jpg&name=small', fullUrl='https://pbs.twimg.com/media/Fangl4IaAAAT5xh?format=jpg&name=large')]",JanaVaaniJanaSenaBharosa,"Eppatƒ±kaƒ±na Caste , Personal Uses , Chudadaam Apesƒ± Oka Educated Personal La Annƒ± Alochƒ±nchƒ± Vote Veyaandƒ± ‚ù§Ô∏èüôèüèª
#JanaSenaParty @PawanKalyan #JanaVaaniJanaSenaBharosa #JanasenaRythuBarosaYatra https://t.co/v68kZbSmHK","16.4318209,80.5688069"
89,rcsureshkumar99,2022-08-20 09:53:39+00:00,5.0,,3.0,0.0,1.5609280381533635e+18,https://twitter.com/rcsureshkumar99/status/1560928038153363456,Mangalagiri,['JanaVaaniJanaSenaBharosa'],"[Photo(previewUrl='https://pbs.twimg.com/media/FamHxdUakAAoh6p?format=jpg&name=small', fullUrl='https://pbs.twimg.com/media/FamHxdUakAAoh6p?format=jpg&name=large')]",JanaVaaniJanaSenaBharosa,"‡∞≠‡∞æ‡∞∞‡±Ä ‡∞ó‡∞ú ‡∞Æ‡∞æ‡∞≤‡∞§‡±ã ‡∞ú‡∞®‡∞∏‡±á‡∞®‡∞®‡∞ø ‡∞∏‡±ç‡∞µ‡∞æ‡∞ó‡∞§‡∞Ç ‡∞™‡∞≤‡∞ø‡∞ï‡∞ø‡∞® ‡∞â‡∞Æ‡±ç‡∞Æ‡∞°‡∞ø ‡∞ï‡∞°‡∞™ ‡∞™‡±ç‡∞∞‡∞ú‡∞≤‡±Å
#JanaVaaniJanaSenaBharosa https://t.co/yTmJGI5GLw","16.4318209,80.5688069"
90,abdul_nazeeb8,2022-08-20 07:03:03+00:00,8.0,,5.0,0.0,1.56088510319829e+18,https://twitter.com/abdul_nazeeb8/status/1560885103198289920,Mangalagiri,['JanaVaaniJanaSenaBharosa'],"[Video(thumbnailUrl='https://pbs.twimg.com/ext_tw_video_thumb/1560885023854981122/pu/img/GtWQYyRNYmlCjko7.jpg', variants=[VideoVariant(contentType='video/mp4', url='https://video.twimg.com/ext_tw_video/1560885023854981122/pu/vid/490x270/PT2XCrGjCGhcmNZd.mp4?tag=12', bitrate=256000), VideoVariant(contentType='application/x-mpegURL', url='https://video.twimg.com/ext_tw_video/1560885023854981122/pu/pl/xCTRIc1YIg_r7VQK.m3u8?tag=12&container=fmp4', bitrate=None), VideoVariant(contentType='video/mp4', url='https://video.twimg.com/ext_tw_video/1560885023854981122/pu/vid/640x352/CHtfF6JkNUUtAgoI.mp4?tag=12', bitrate=832000)], duration=80.871, views=26)]",JanaVaaniJanaSenaBharosa,"‡∞ú‡∞®‡∞µ‡∞æ‡∞£‡∞ø ‡∞ú‡∞®‡∞∏‡±á‡∞® ‡∞≠‡∞∞‡±ã‡∞∏‡∞æ 4‡∞µ ‡∞µ‡∞ø‡∞°‡∞§
21.08.22‡∞® ‡∞Ü‡∞¶‡∞ø‡∞µ‡∞æ‡∞∞‡∞Ç, ‡∞â‡∞¶‡∞Ø‡∞Ç 10‡∞ó‡∞Ç,,‡∞≤ ‡∞®‡±Å‡∞Ç‡∞°‡∞ø‡∞Æ‡∞ß‡±ç‡∞Ø‡∞æ‡∞π‡±ç‡∞®‡∞Ç 3‡∞ó‡∞Ç,,‡∞≤ ‡∞µ‡∞∞‡∞ï‡±Å ‡∞∏‡∞æ‡∞Æ‡∞æ‡∞®‡±ç‡∞Ø‡±Å‡∞°‡∞ø ‡∞ó‡∞≥‡∞Ç ‡∞µ‡∞ø‡∞®‡∞ø‡∞™‡∞ø‡∞Ç‡∞ö‡±á‡∞≤‡∞æ‚úä

‡∞µ‡±á‡∞¶‡∞ø‡∞ï:-GRR ‡∞ï‡∞®‡±ç‡∞µ‡±Ü‡∞®‡±ç‡∞∑‡∞®‡±ç ‡∞π‡∞æ‡∞≤‡±ç, ‡∞§‡∞ø‡∞∞‡±Å‡∞™‡∞§‡∞ø.
‡∞§‡∞ø‡∞∞‡±Å‡∞™‡∞§‡∞ø-‡∞¨‡±Ü‡∞Ç‡∞ó‡∞≥‡±Ç‡∞∞‡±Å ‡∞π‡±à‡∞µ‡±á, Opp. ‡∞¨‡∞æ‡∞≤‡∞æ‡∞ú‡±Ä ‡∞°‡±à‡∞∞‡±Ä

#JanaVaaniJanaSenaBharosa @JanaSenaParty @JSP4Andhra 
Upcoming AP CM @PawanKalyan üî•üí™ https://t.co/nxVDb28WzJ","16.4318209,80.5688069"
